/*
 Navicat Premium Data Transfer

 Source Server         : www.njwuqi.com
 Source Server Type    : MySQL
 Source Server Version : 80024
 Source Host           : www.njwuqi.com:3306
 Source Schema         : rollcall

 Target Server Type    : MySQL
 Target Server Version : 80024
 File Encoding         : 65001

 Date: 19/07/2023 10:08:39
*/

SET NAMES utf8mb4;
SET FOREIGN_KEY_CHECKS = 0;

-- ----------------------------
-- Table structure for courseinfo
-- ----------------------------
DROP TABLE IF EXISTS `courseinfo`;
CREATE TABLE `courseinfo`  (
  `courseNumber` bigint(0) NOT NULL AUTO_INCREMENT COMMENT '班级号',
  `courseName` varchar(50) CHARACTER SET utf8mb4 COLLATE utf8mb4_0900_ai_ci DEFAULT NULL COMMENT '班级名称',
  `amount` int(0) DEFAULT NULL COMMENT '班级人数',
  `phone` bigint(0) NOT NULL COMMENT '手机号',
  `state` int(0) DEFAULT NULL COMMENT '状态',
  `addressName` varchar(100) CHARACTER SET utf8mb4 COLLATE utf8mb4_0900_ai_ci DEFAULT NULL COMMENT '定位场所名称',
  `latitude` decimal(25, 20) DEFAULT NULL COMMENT '经度',
  `longitude` decimal(25, 20) DEFAULT NULL COMMENT '维度',
  `createTime` timestamp(0) DEFAULT CURRENT_TIMESTAMP COMMENT '创建时间',
  PRIMARY KEY (`courseNumber`) USING BTREE,
  INDEX `courseinfo_userinfo_phone_fk`(`phone`) USING BTREE,
  CONSTRAINT `courseinfo_userinfo_phone_fk` FOREIGN KEY (`phone`) REFERENCES `userinfo` (`phone`) ON DELETE RESTRICT ON UPDATE RESTRICT
) ENGINE = InnoDB AUTO_INCREMENT = 6 CHARACTER SET = utf8mb4 COLLATE = utf8mb4_0900_ai_ci COMMENT = '班级表' ROW_FORMAT = Dynamic;

-- ----------------------------
-- Records of courseinfo
-- ----------------------------
INSERT INTO `courseinfo` VALUES (1, '数据结库原理', 60, 13515109962, 0, '教五楼11楼机房', 0.00000000000000000000, 0.00000000000000000000, '2023-07-07 11:07:30');
INSERT INTO `courseinfo` VALUES (2, 'Java语言', 60, 13515109962, 0, '教五楼11楼机房', 0.00000000000000000000, 0.00000000000000000000, '2023-07-07 11:12:38');
INSERT INTO `courseinfo` VALUES (3, '斗儿样面受记', 33, 13820182527, 1, NULL, 91.11000000000000000000, 51.12000000000000000000, '2023-07-07 16:59:19');
INSERT INTO `courseinfo` VALUES (5, '斗儿样面受记3', 53, 13820182527, 2, '求今着公党', 32.07862169053819000000, 118.81531901041667000000, '2023-07-07 17:09:49');

-- ----------------------------
-- Table structure for electiveinfo
-- ----------------------------
DROP TABLE IF EXISTS `electiveinfo`;
CREATE TABLE `electiveinfo`  (
  `id` bigint(0) NOT NULL AUTO_INCREMENT COMMENT '编号',
  `courseNumber` bigint(0) NOT NULL COMMENT '班级号',
  `phone` bigint(0) NOT NULL COMMENT '电话号码',
  PRIMARY KEY (`id`) USING BTREE,
  INDEX `ElectiveInfo_userinfo_phone_fk`(`phone`) USING BTREE,
  INDEX `electiveinfo_courseinfo_courseNumber_fk`(`courseNumber`) USING BTREE,
  CONSTRAINT `electiveinfo_courseinfo_courseNumber_fk` FOREIGN KEY (`courseNumber`) REFERENCES `courseinfo` (`courseNumber`) ON DELETE RESTRICT ON UPDATE RESTRICT,
  CONSTRAINT `ElectiveInfo_userinfo_phone_fk` FOREIGN KEY (`phone`) REFERENCES `userinfo` (`phone`) ON DELETE RESTRICT ON UPDATE RESTRICT
) ENGINE = InnoDB AUTO_INCREMENT = 5 CHARACTER SET = utf8mb4 COLLATE = utf8mb4_0900_ai_ci COMMENT = '选课表' ROW_FORMAT = Dynamic;

-- ----------------------------
-- Records of electiveinfo
-- ----------------------------
INSERT INTO `electiveinfo` VALUES (1, 1, 13913852957);
INSERT INTO `electiveinfo` VALUES (2, 2, 13913852957);
INSERT INTO `electiveinfo` VALUES (3, 5, 13951662735);

-- ----------------------------
-- Table structure for openid
-- ----------------------------
DROP TABLE IF EXISTS `openid`;
CREATE TABLE `openid`  (
  `openid` varchar(256) CHARACTER SET utf8mb4 COLLATE utf8mb4_0900_ai_ci NOT NULL,
  `phone` bigint(0) DEFAULT NULL COMMENT '手机号',
  `createTime` timestamp(0) NOT NULL DEFAULT CURRENT_TIMESTAMP COMMENT '创建时间',
  PRIMARY KEY (`openid`) USING BTREE,
  INDEX `openid_userinfo_phone_fk`(`phone`) USING BTREE,
  CONSTRAINT `openid_userinfo_phone_fk` FOREIGN KEY (`phone`) REFERENCES `userinfo` (`phone`) ON DELETE RESTRICT ON UPDATE RESTRICT
) ENGINE = InnoDB CHARACTER SET = utf8mb4 COLLATE = utf8mb4_0900_ai_ci COMMENT = '用户关联表' ROW_FORMAT = Dynamic;

-- ----------------------------
-- Records of openid
-- ----------------------------
INSERT INTO `openid` VALUES ('0', NULL, '2023-07-14 10:58:32');
INSERT INTO `openid` VALUES ('5', 13951662736, '2023-07-07 11:22:26');
INSERT INTO `openid` VALUES ('o-DQZ6h1pwAogQlcJ2yL66ZDswWI', 0, '2023-07-18 10:41:33');
INSERT INTO `openid` VALUES ('o0u2q6DpvH8eCohWIypsam5j2x6w', 0, '2023-07-17 15:26:35');
INSERT INTO `openid` VALUES ('oBTQZ6h5BKzv_DTPWiQTJMEfn8D4', 0, '2023-07-17 15:26:54');
INSERT INTO `openid` VALUES ('oEBb-6ttNclZ6nejQo_O7eF2Bghk', 0, '2023-07-17 15:30:43');
INSERT INTO `openid` VALUES ('oeDgA5az7Ex8dyizQ736Oqx88Hfc', 0, '2023-07-17 15:51:49');
INSERT INTO `openid` VALUES ('og3vJ6N4xWX1eGuC8h193kBkOI3s', 0, '2023-07-17 15:49:46');
INSERT INTO `openid` VALUES ('oio036IFk-yxw0HVsjBMDcfhYDfk', 0, '2023-07-17 16:00:41');
INSERT INTO `openid` VALUES ('okj4p60WfUq0teOcg-aKY0cotgHg', 0, '2023-07-14 16:05:27');
INSERT INTO `openid` VALUES ('oPyOt4hp05wro0PbWIRQw_XWZctE', 0, '2023-07-17 15:57:05');
INSERT INTO `openid` VALUES ('oytKz5D1XoJrskvSUknIDasxk9Lg', 0, '2023-07-18 16:40:33');
INSERT INTO `openid` VALUES ('oZT635U4Em6V5pS-8JZuSzWX2LoU', 0, '2023-07-17 16:52:01');
INSERT INTO `openid` VALUES ('Royan', 15951580838, '2023-07-07 10:38:25');
INSERT INTO `openid` VALUES ('younger', 18179480749, '2023-07-07 10:38:45');
INSERT INTO `openid` VALUES ('刘金金金诚', 18149778110, '2023-07-07 10:38:35');
INSERT INTO `openid` VALUES ('小宁', 13913852957, '2023-07-07 10:38:17');
INSERT INTO `openid` VALUES ('希希希希洛', 18187757837, '2023-07-07 10:38:53');

-- ----------------------------
-- Table structure for recordinfo
-- ----------------------------
DROP TABLE IF EXISTS `recordinfo`;
CREATE TABLE `recordinfo`  (
  `recordNumber` bigint(0) NOT NULL AUTO_INCREMENT COMMENT '考勤记录号',
  `starttime` timestamp(0) DEFAULT NULL COMMENT '签到时间',
  `endtime` timestamp(0) DEFAULT NULL COMMENT '签到时间',
  `phone` bigint(0) NOT NULL COMMENT '手机号',
  `state1` int(0) DEFAULT 1,
  `state2` int(0) DEFAULT 1,
  `modifystate` int(0) DEFAULT 1,
  `courseNumber` bigint(0) DEFAULT NULL,
  `ruleNumber` bigint(0) DEFAULT NULL,
  PRIMARY KEY (`recordNumber`) USING BTREE,
  INDEX `RecordInfo_userinfo_phone_fk`(`phone`) USING BTREE,
  INDEX `courseNumber`(`courseNumber`) USING BTREE,
  INDEX `ruleNumber`(`ruleNumber`) USING BTREE,
  CONSTRAINT `recordinfo_ibfk_1` FOREIGN KEY (`courseNumber`) REFERENCES `courseinfo` (`courseNumber`) ON DELETE RESTRICT ON UPDATE RESTRICT,
  CONSTRAINT `recordinfo_ibfk_2` FOREIGN KEY (`ruleNumber`) REFERENCES `ruleinfo` (`ruleNumber`) ON DELETE RESTRICT ON UPDATE RESTRICT,
  CONSTRAINT `RecordInfo_userinfo_phone_fk` FOREIGN KEY (`phone`) REFERENCES `userinfo` (`phone`) ON DELETE RESTRICT ON UPDATE RESTRICT
) ENGINE = InnoDB AUTO_INCREMENT = 1 CHARACTER SET = utf8mb4 COLLATE = utf8mb4_0900_ai_ci COMMENT = '考勤记录表' ROW_FORMAT = Dynamic;

-- ----------------------------
-- Table structure for ruleinfo
-- ----------------------------
DROP TABLE IF EXISTS `ruleinfo`;
CREATE TABLE `ruleinfo`  (
  `ruleNumber` bigint(0) NOT NULL AUTO_INCREMENT COMMENT '考勤规则ID',
  `startTime` datetime(0) DEFAULT NULL COMMENT '开始时间',
  `finalTime` datetime(0) DEFAULT NULL COMMENT '结束时间',
  `remark` varchar(50) CHARACTER SET utf8mb4 COLLATE utf8mb4_0900_ai_ci DEFAULT NULL COMMENT '备注',
  `courseNumber` bigint(0) NOT NULL COMMENT '班级号',
  PRIMARY KEY (`ruleNumber`) USING BTREE,
  INDEX `RuleInfo_courseinfo_courseNumber_fk`(`courseNumber`) USING BTREE,
  CONSTRAINT `RuleInfo_courseinfo_courseNumber_fk` FOREIGN KEY (`courseNumber`) REFERENCES `courseinfo` (`courseNumber`) ON DELETE RESTRICT ON UPDATE RESTRICT
) ENGINE = InnoDB AUTO_INCREMENT = 9 CHARACTER SET = utf8mb4 COLLATE = utf8mb4_0900_ai_ci COMMENT = '考勤规则表' ROW_FORMAT = Dynamic;

-- ----------------------------
-- Records of ruleinfo
-- ----------------------------
INSERT INTO `ruleinfo` VALUES (1, '2023-07-07 11:04:21', '2023-07-12 11:04:30', '1', 1);
INSERT INTO `ruleinfo` VALUES (2, NULL, NULL, NULL, 1);
INSERT INTO `ruleinfo` VALUES (3, '2023-07-04 02:19:56', '1972-01-26 11:40:32', 'pariatur veniam Lorem laboris', 5);
INSERT INTO `ruleinfo` VALUES (4, '2023-07-04 02:19:56', '1972-01-26 11:40:32', 'pariatur veniam Lorem laboris', 5);
INSERT INTO `ruleinfo` VALUES (5, '2023-07-04 02:19:56', '1972-01-26 11:40:32', 'pariatur veniam Lorem laboris', 5);
INSERT INTO `ruleinfo` VALUES (6, '2023-07-04 02:19:56', '1972-01-26 11:40:32', 'pariatur veniam Lorem laboris', 5);
INSERT INTO `ruleinfo` VALUES (7, '2023-07-04 02:19:56', '1972-01-26 11:40:32', 'pariatur veniam Lorem laboris', 5);

-- ----------------------------
-- Table structure for statisticsinfo
-- ----------------------------
DROP TABLE IF EXISTS `statisticsinfo`;
CREATE TABLE `statisticsinfo`  (
  `statisticsNumber` bigint(0) NOT NULL AUTO_INCREMENT COMMENT '考勤统计ID',
  `date` date DEFAULT NULL COMMENT '考勤日期',
  `courseNumber` bigint(0) NOT NULL COMMENT '班级号',
  `totalNumber` int(0) NOT NULL COMMENT '总人数',
  `attendanceNumber` int(0) DEFAULT NULL COMMENT '出勤人数',
  `leaveNumber` int(0) DEFAULT NULL COMMENT '请假人数',
  `lateNumber` int(0) DEFAULT NULL COMMENT '迟到人数',
  `absentNumber` int(0) DEFAULT NULL COMMENT '旷课人数',
  `earlyNumber` int(0) DEFAULT NULL COMMENT '早退人数',
  `ruleNumber` bigint(0) NOT NULL COMMENT '考勤规则ID',
  `leaveInfos` text CHARACTER SET utf8mb4 COLLATE utf8mb4_0900_ai_ci,
  `lateInfos` text CHARACTER SET utf8mb4 COLLATE utf8mb4_0900_ai_ci,
  `absentInfos` text CHARACTER SET utf8mb4 COLLATE utf8mb4_0900_ai_ci,
  `earlyInfos` text CHARACTER SET utf8mb4 COLLATE utf8mb4_0900_ai_ci,
  PRIMARY KEY (`statisticsNumber`) USING BTREE,
  INDEX `StatisticsInfo_courseinfo_courseNumber_fk`(`courseNumber`) USING BTREE,
  INDEX `StatisticsInfo_ruleinfo_ruleNumber_fk`(`ruleNumber`) USING BTREE,
  CONSTRAINT `StatisticsInfo_courseinfo_courseNumber_fk` FOREIGN KEY (`courseNumber`) REFERENCES `courseinfo` (`courseNumber`) ON DELETE RESTRICT ON UPDATE RESTRICT,
  CONSTRAINT `StatisticsInfo_ruleinfo_ruleNumber_fk` FOREIGN KEY (`ruleNumber`) REFERENCES `ruleinfo` (`ruleNumber`) ON DELETE RESTRICT ON UPDATE RESTRICT
) ENGINE = InnoDB AUTO_INCREMENT = 1410 CHARACTER SET = utf8mb4 COLLATE = utf8mb4_0900_ai_ci COMMENT = '考勤统计表' ROW_FORMAT = Dynamic;

-- ----------------------------
-- Records of statisticsinfo
-- ----------------------------
INSERT INTO `statisticsinfo` VALUES (1, '2023-07-07', 1, 60, 50, 2, 1, 1, 1, 1, 'a', 'b', 'c', 'd');
INSERT INTO `statisticsinfo` VALUES (2, '2023-07-07', 1, 60, 50, 2, 1, 1, 1, 2, 'a', 'b', 'c', 'd');
INSERT INTO `statisticsinfo` VALUES (3, '2023-07-07', 1, 60, 50, 2, 1, 1, 1, 3, 'a', 'b', 'c', 'd');
INSERT INTO `statisticsinfo` VALUES (5, '2023-07-07', 1, 60, 50, 2, 1, 1, 1, 2, 'a', 'b', 'c', 'd');
INSERT INTO `statisticsinfo` VALUES (6, '2023-07-07', 1, 60, 50, 2, 1, 1, 1, 3, 'a', 'b', 'c', 'd');
INSERT INTO `statisticsinfo` VALUES (7, '2023-07-08', 2, 60, 50, 2, 1, 1, 1, 1, 'a', 'b', 'c', 'd');
INSERT INTO `statisticsinfo` VALUES (8, '2023-07-08', 2, 60, 50, 2, 1, 1, 1, 2, 'a', 'b', 'c', 'd');
INSERT INTO `statisticsinfo` VALUES (9, '2023-07-08', 2, 60, 50, 2, 1, 1, 1, 3, 'a', 'b', 'c', 'd');
INSERT INTO `statisticsinfo` VALUES (10, '2023-07-08', 2, 60, 50, 2, 1, 1, 1, 1, 'a', 'b', 'c', 'd');
INSERT INTO `statisticsinfo` VALUES (11, '2023-07-08', 2, 60, 50, 2, 1, 1, 1, 2, 'a', 'b', 'c', 'd');
INSERT INTO `statisticsinfo` VALUES (12, '2023-07-08', 2, 60, 50, 2, 1, 1, 1, 3, 'a', 'b', 'c', 'd');
INSERT INTO `statisticsinfo` VALUES (13, '2023-07-08', 2, 60, 50, 2, 1, 1, 1, 1, 'a', 'b', 'c', 'd');
INSERT INTO `statisticsinfo` VALUES (14, '2023-07-08', 2, 60, 50, 2, 1, 1, 1, 2, 'a', 'b', 'c', 'd');
INSERT INTO `statisticsinfo` VALUES (15, '2023-07-08', 2, 60, 50, 2, 1, 1, 1, 3, 'a', 'b', 'c', 'd');
INSERT INTO `statisticsinfo` VALUES (16, '2023-07-07', 1, 60, 50, 2, 1, 1, 1, 3, 'a', 'b', 'c', 'd');
INSERT INTO `statisticsinfo` VALUES (17, '2023-07-07', 1, 60, 50, 2, 1, 1, 1, 3, 'a', 'b', 'c', 'd');
INSERT INTO `statisticsinfo` VALUES (18, '2023-07-08', 2, 60, 50, 2, 1, 1, 1, 1, 'a', 'b', 'c', 'd');
INSERT INTO `statisticsinfo` VALUES (19, '2023-07-07', 1, 60, 50, 2, 1, 1, 1, 2, 'a', 'b', 'c', 'd');
INSERT INTO `statisticsinfo` VALUES (20, '2023-07-07', 1, 60, 50, 2, 1, 1, 1, 2, 'a', 'b', 'c', 'd');
INSERT INTO `statisticsinfo` VALUES (21, '2023-07-08', 2, 60, 50, 2, 1, 1, 1, 2, 'a', 'b', 'c', 'd');
INSERT INTO `statisticsinfo` VALUES (22, '2023-07-07', 1, 60, 50, 2, 1, 1, 1, 1, 'a', 'b', 'c', 'd');
INSERT INTO `statisticsinfo` VALUES (23, '2023-07-08', 2, 60, 50, 2, 1, 1, 1, 3, 'a', 'b', 'c', 'd');
INSERT INTO `statisticsinfo` VALUES (24, '2023-07-07', 1, 60, 50, 2, 1, 1, 1, 2, 'a', 'b', 'c', 'd');
INSERT INTO `statisticsinfo` VALUES (25, '2023-07-07', 1, 60, 50, 2, 1, 1, 1, 3, 'a', 'b', 'c', 'd');
INSERT INTO `statisticsinfo` VALUES (26, '2023-07-08', 2, 60, 50, 2, 1, 1, 1, 3, 'a', 'b', 'c', 'd');
INSERT INTO `statisticsinfo` VALUES (27, '2023-07-08', 2, 60, 50, 2, 1, 1, 1, 2, 'a', 'b', 'c', 'd');
INSERT INTO `statisticsinfo` VALUES (28, '2023-07-07', 1, 60, 50, 2, 1, 1, 1, 2, 'a', 'b', 'c', 'd');
INSERT INTO `statisticsinfo` VALUES (29, '2023-07-08', 2, 60, 50, 2, 1, 1, 1, 1, 'a', 'b', 'c', 'd');
INSERT INTO `statisticsinfo` VALUES (30, '2023-07-08', 2, 60, 50, 2, 1, 1, 1, 3, 'a', 'b', 'c', 'd');
INSERT INTO `statisticsinfo` VALUES (31, '2023-07-08', 2, 60, 50, 2, 1, 1, 1, 1, 'a', 'b', 'c', 'd');
INSERT INTO `statisticsinfo` VALUES (32, '2023-07-08', 2, 60, 50, 2, 1, 1, 1, 3, 'a', 'b', 'c', 'd');
INSERT INTO `statisticsinfo` VALUES (33, '2023-07-07', 1, 60, 50, 2, 1, 1, 1, 1, 'a', 'b', 'c', 'd');
INSERT INTO `statisticsinfo` VALUES (34, '2023-07-08', 2, 60, 50, 2, 1, 1, 1, 2, 'a', 'b', 'c', 'd');
INSERT INTO `statisticsinfo` VALUES (35, '2023-07-07', 1, 60, 50, 2, 1, 1, 1, 3, 'a', 'b', 'c', 'd');
INSERT INTO `statisticsinfo` VALUES (36, '2023-07-07', 1, 60, 50, 2, 1, 1, 1, 1, 'a', 'b', 'c', 'd');
INSERT INTO `statisticsinfo` VALUES (37, '2023-07-07', 1, 60, 50, 2, 1, 1, 1, 3, 'a', 'b', 'c', 'd');
INSERT INTO `statisticsinfo` VALUES (38, '2023-07-07', 1, 60, 50, 2, 1, 1, 1, 2, 'a', 'b', 'c', 'd');
INSERT INTO `statisticsinfo` VALUES (39, '2023-07-07', 1, 60, 50, 2, 1, 1, 1, 2, 'a', 'b', 'c', 'd');
INSERT INTO `statisticsinfo` VALUES (40, '2023-07-08', 2, 60, 50, 2, 1, 1, 1, 1, 'a', 'b', 'c', 'd');
INSERT INTO `statisticsinfo` VALUES (41, '2023-07-08', 2, 60, 50, 2, 1, 1, 1, 2, 'a', 'b', 'c', 'd');
INSERT INTO `statisticsinfo` VALUES (42, '2023-07-08', 2, 60, 50, 2, 1, 1, 1, 3, 'a', 'b', 'c', 'd');
INSERT INTO `statisticsinfo` VALUES (43, '2023-07-08', 2, 60, 50, 2, 1, 1, 1, 1, 'a', 'b', 'c', 'd');
INSERT INTO `statisticsinfo` VALUES (44, '2023-07-07', 1, 60, 50, 2, 1, 1, 1, 3, 'a', 'b', 'c', 'd');
INSERT INTO `statisticsinfo` VALUES (45, '2023-07-08', 2, 60, 50, 2, 1, 1, 1, 2, 'a', 'b', 'c', 'd');
INSERT INTO `statisticsinfo` VALUES (46, '2023-07-08', 2, 60, 50, 2, 1, 1, 1, 1, 'a', 'b', 'c', 'd');
INSERT INTO `statisticsinfo` VALUES (47, '2023-07-07', 1, 60, 50, 2, 1, 1, 1, 3, 'a', 'b', 'c', 'd');
INSERT INTO `statisticsinfo` VALUES (48, '2023-07-07', 1, 60, 50, 2, 1, 1, 1, 2, 'a', 'b', 'c', 'd');
INSERT INTO `statisticsinfo` VALUES (49, '2023-07-07', 1, 60, 50, 2, 1, 1, 1, 2, 'a', 'b', 'c', 'd');
INSERT INTO `statisticsinfo` VALUES (50, '2023-07-08', 2, 60, 50, 2, 1, 1, 1, 3, 'a', 'b', 'c', 'd');
INSERT INTO `statisticsinfo` VALUES (51, '2023-07-07', 1, 60, 50, 2, 1, 1, 1, 2, 'a', 'b', 'c', 'd');
INSERT INTO `statisticsinfo` VALUES (52, '2023-07-08', 2, 60, 50, 2, 1, 1, 1, 2, 'a', 'b', 'c', 'd');
INSERT INTO `statisticsinfo` VALUES (53, '2023-07-07', 1, 60, 50, 2, 1, 1, 1, 1, 'a', 'b', 'c', 'd');
INSERT INTO `statisticsinfo` VALUES (54, '2023-07-08', 2, 60, 50, 2, 1, 1, 1, 1, 'a', 'b', 'c', 'd');
INSERT INTO `statisticsinfo` VALUES (55, '2023-07-07', 1, 60, 50, 2, 1, 1, 1, 3, 'a', 'b', 'c', 'd');
INSERT INTO `statisticsinfo` VALUES (56, '2023-07-08', 2, 60, 50, 2, 1, 1, 1, 2, 'a', 'b', 'c', 'd');
INSERT INTO `statisticsinfo` VALUES (57, '2023-07-07', 1, 60, 50, 2, 1, 1, 1, 3, 'a', 'b', 'c', 'd');
INSERT INTO `statisticsinfo` VALUES (58, '2023-07-07', 1, 60, 50, 2, 1, 1, 1, 3, 'a', 'b', 'c', 'd');
INSERT INTO `statisticsinfo` VALUES (59, '2023-07-07', 1, 60, 50, 2, 1, 1, 1, 3, 'a', 'b', 'c', 'd');
INSERT INTO `statisticsinfo` VALUES (60, '2023-07-08', 2, 60, 50, 2, 1, 1, 1, 2, 'a', 'b', 'c', 'd');
INSERT INTO `statisticsinfo` VALUES (61, '2023-07-08', 2, 60, 50, 2, 1, 1, 1, 2, 'a', 'b', 'c', 'd');
INSERT INTO `statisticsinfo` VALUES (62, '2023-07-08', 2, 60, 50, 2, 1, 1, 1, 3, 'a', 'b', 'c', 'd');
INSERT INTO `statisticsinfo` VALUES (63, '2023-07-07', 1, 60, 50, 2, 1, 1, 1, 1, 'a', 'b', 'c', 'd');
INSERT INTO `statisticsinfo` VALUES (64, '2023-07-07', 1, 60, 50, 2, 1, 1, 1, 2, 'a', 'b', 'c', 'd');
INSERT INTO `statisticsinfo` VALUES (65, '2023-07-08', 2, 60, 50, 2, 1, 1, 1, 1, 'a', 'b', 'c', 'd');
INSERT INTO `statisticsinfo` VALUES (66, '2023-07-08', 2, 60, 50, 2, 1, 1, 1, 2, 'a', 'b', 'c', 'd');
INSERT INTO `statisticsinfo` VALUES (67, '2023-07-08', 2, 60, 50, 2, 1, 1, 1, 3, 'a', 'b', 'c', 'd');
INSERT INTO `statisticsinfo` VALUES (68, '2023-07-07', 1, 60, 50, 2, 1, 1, 1, 2, 'a', 'b', 'c', 'd');
INSERT INTO `statisticsinfo` VALUES (69, '2023-07-08', 2, 60, 50, 2, 1, 1, 1, 3, 'a', 'b', 'c', 'd');
INSERT INTO `statisticsinfo` VALUES (70, '2023-07-08', 2, 60, 50, 2, 1, 1, 1, 1, 'a', 'b', 'c', 'd');
INSERT INTO `statisticsinfo` VALUES (71, '2023-07-07', 1, 60, 50, 2, 1, 1, 1, 3, 'a', 'b', 'c', 'd');
INSERT INTO `statisticsinfo` VALUES (72, '2023-07-08', 2, 60, 50, 2, 1, 1, 1, 1, 'a', 'b', 'c', 'd');
INSERT INTO `statisticsinfo` VALUES (73, '2023-07-08', 2, 60, 50, 2, 1, 1, 1, 3, 'a', 'b', 'c', 'd');
INSERT INTO `statisticsinfo` VALUES (74, '2023-07-08', 2, 60, 50, 2, 1, 1, 1, 1, 'a', 'b', 'c', 'd');
INSERT INTO `statisticsinfo` VALUES (75, '2023-07-07', 1, 60, 50, 2, 1, 1, 1, 2, 'a', 'b', 'c', 'd');
INSERT INTO `statisticsinfo` VALUES (76, '2023-07-08', 2, 60, 50, 2, 1, 1, 1, 3, 'a', 'b', 'c', 'd');
INSERT INTO `statisticsinfo` VALUES (77, '2023-07-07', 1, 60, 50, 2, 1, 1, 1, 2, 'a', 'b', 'c', 'd');
INSERT INTO `statisticsinfo` VALUES (78, '2023-07-08', 2, 60, 50, 2, 1, 1, 1, 3, 'a', 'b', 'c', 'd');
INSERT INTO `statisticsinfo` VALUES (79, '2023-07-07', 1, 60, 50, 2, 1, 1, 1, 3, 'a', 'b', 'c', 'd');
INSERT INTO `statisticsinfo` VALUES (80, '2023-07-07', 1, 60, 50, 2, 1, 1, 1, 3, 'a', 'b', 'c', 'd');
INSERT INTO `statisticsinfo` VALUES (81, '2023-07-07', 1, 60, 50, 2, 1, 1, 1, 1, 'a', 'b', 'c', 'd');
INSERT INTO `statisticsinfo` VALUES (82, '2023-07-07', 1, 60, 50, 2, 1, 1, 1, 1, 'a', 'b', 'c', 'd');
INSERT INTO `statisticsinfo` VALUES (83, '2023-07-08', 2, 60, 50, 2, 1, 1, 1, 3, 'a', 'b', 'c', 'd');
INSERT INTO `statisticsinfo` VALUES (84, '2023-07-08', 2, 60, 50, 2, 1, 1, 1, 2, 'a', 'b', 'c', 'd');
INSERT INTO `statisticsinfo` VALUES (85, '2023-07-07', 1, 60, 50, 2, 1, 1, 1, 2, 'a', 'b', 'c', 'd');
INSERT INTO `statisticsinfo` VALUES (86, '2023-07-08', 2, 60, 50, 2, 1, 1, 1, 2, 'a', 'b', 'c', 'd');
INSERT INTO `statisticsinfo` VALUES (87, '2023-07-08', 2, 60, 50, 2, 1, 1, 1, 1, 'a', 'b', 'c', 'd');
INSERT INTO `statisticsinfo` VALUES (88, '2023-07-08', 2, 60, 50, 2, 1, 1, 1, 2, 'a', 'b', 'c', 'd');
INSERT INTO `statisticsinfo` VALUES (89, '2023-07-08', 2, 60, 50, 2, 1, 1, 1, 1, 'a', 'b', 'c', 'd');
INSERT INTO `statisticsinfo` VALUES (90, '2023-07-07', 1, 60, 50, 2, 1, 1, 1, 3, 'a', 'b', 'c', 'd');
INSERT INTO `statisticsinfo` VALUES (91, '2023-07-07', 1, 60, 50, 2, 1, 1, 1, 2, 'a', 'b', 'c', 'd');
INSERT INTO `statisticsinfo` VALUES (92, '2023-07-08', 2, 60, 50, 2, 1, 1, 1, 3, 'a', 'b', 'c', 'd');
INSERT INTO `statisticsinfo` VALUES (93, '2023-07-08', 2, 60, 50, 2, 1, 1, 1, 3, 'a', 'b', 'c', 'd');
INSERT INTO `statisticsinfo` VALUES (94, '2023-07-07', 1, 60, 50, 2, 1, 1, 1, 2, 'a', 'b', 'c', 'd');
INSERT INTO `statisticsinfo` VALUES (95, '2023-07-07', 1, 60, 50, 2, 1, 1, 1, 2, 'a', 'b', 'c', 'd');
INSERT INTO `statisticsinfo` VALUES (96, '2023-07-08', 2, 60, 50, 2, 1, 1, 1, 2, 'a', 'b', 'c', 'd');
INSERT INTO `statisticsinfo` VALUES (97, '2023-07-07', 1, 60, 50, 2, 1, 1, 1, 1, 'a', 'b', 'c', 'd');
INSERT INTO `statisticsinfo` VALUES (98, '2023-07-08', 2, 60, 50, 2, 1, 1, 1, 2, 'a', 'b', 'c', 'd');
INSERT INTO `statisticsinfo` VALUES (99, '2023-07-08', 2, 60, 50, 2, 1, 1, 1, 1, 'a', 'b', 'c', 'd');
INSERT INTO `statisticsinfo` VALUES (100, '2023-07-07', 1, 60, 50, 2, 1, 1, 1, 2, 'a', 'b', 'c', 'd');
INSERT INTO `statisticsinfo` VALUES (101, '2023-07-07', 1, 60, 50, 2, 1, 1, 1, 3, 'a', 'b', 'c', 'd');
INSERT INTO `statisticsinfo` VALUES (102, '2023-07-07', 1, 60, 50, 2, 1, 1, 1, 2, 'a', 'b', 'c', 'd');
INSERT INTO `statisticsinfo` VALUES (103, '2023-07-08', 2, 60, 50, 2, 1, 1, 1, 2, 'a', 'b', 'c', 'd');
INSERT INTO `statisticsinfo` VALUES (104, '2023-07-08', 2, 60, 50, 2, 1, 1, 1, 1, 'a', 'b', 'c', 'd');
INSERT INTO `statisticsinfo` VALUES (105, '2023-07-08', 2, 60, 50, 2, 1, 1, 1, 2, 'a', 'b', 'c', 'd');
INSERT INTO `statisticsinfo` VALUES (106, '2023-07-07', 1, 60, 50, 2, 1, 1, 1, 2, 'a', 'b', 'c', 'd');
INSERT INTO `statisticsinfo` VALUES (107, '2023-07-08', 2, 60, 50, 2, 1, 1, 1, 1, 'a', 'b', 'c', 'd');
INSERT INTO `statisticsinfo` VALUES (108, '2023-07-08', 2, 60, 50, 2, 1, 1, 1, 1, 'a', 'b', 'c', 'd');
INSERT INTO `statisticsinfo` VALUES (109, '2023-07-07', 1, 60, 50, 2, 1, 1, 1, 1, 'a', 'b', 'c', 'd');
INSERT INTO `statisticsinfo` VALUES (110, '2023-07-08', 2, 60, 50, 2, 1, 1, 1, 2, 'a', 'b', 'c', 'd');
INSERT INTO `statisticsinfo` VALUES (111, '2023-07-08', 2, 60, 50, 2, 1, 1, 1, 3, 'a', 'b', 'c', 'd');
INSERT INTO `statisticsinfo` VALUES (112, '2023-07-08', 2, 60, 50, 2, 1, 1, 1, 3, 'a', 'b', 'c', 'd');
INSERT INTO `statisticsinfo` VALUES (113, '2023-07-07', 1, 60, 50, 2, 1, 1, 1, 2, 'a', 'b', 'c', 'd');
INSERT INTO `statisticsinfo` VALUES (114, '2023-07-08', 2, 60, 50, 2, 1, 1, 1, 2, 'a', 'b', 'c', 'd');
INSERT INTO `statisticsinfo` VALUES (115, '2023-07-07', 1, 60, 50, 2, 1, 1, 1, 2, 'a', 'b', 'c', 'd');
INSERT INTO `statisticsinfo` VALUES (116, '2023-07-08', 2, 60, 50, 2, 1, 1, 1, 2, 'a', 'b', 'c', 'd');
INSERT INTO `statisticsinfo` VALUES (117, '2023-07-07', 1, 60, 50, 2, 1, 1, 1, 1, 'a', 'b', 'c', 'd');
INSERT INTO `statisticsinfo` VALUES (118, '2023-07-08', 2, 60, 50, 2, 1, 1, 1, 1, 'a', 'b', 'c', 'd');
INSERT INTO `statisticsinfo` VALUES (119, '2023-07-07', 1, 60, 50, 2, 1, 1, 1, 2, 'a', 'b', 'c', 'd');
INSERT INTO `statisticsinfo` VALUES (120, '2023-07-08', 2, 60, 50, 2, 1, 1, 1, 2, 'a', 'b', 'c', 'd');
INSERT INTO `statisticsinfo` VALUES (121, '2023-07-07', 1, 60, 50, 2, 1, 1, 1, 2, 'a', 'b', 'c', 'd');
INSERT INTO `statisticsinfo` VALUES (122, '2023-07-08', 2, 60, 50, 2, 1, 1, 1, 1, 'a', 'b', 'c', 'd');
INSERT INTO `statisticsinfo` VALUES (123, '2023-07-07', 1, 60, 50, 2, 1, 1, 1, 1, 'a', 'b', 'c', 'd');
INSERT INTO `statisticsinfo` VALUES (124, '2023-07-08', 2, 60, 50, 2, 1, 1, 1, 2, 'a', 'b', 'c', 'd');
INSERT INTO `statisticsinfo` VALUES (125, '2023-07-07', 1, 60, 50, 2, 1, 1, 1, 2, 'a', 'b', 'c', 'd');
INSERT INTO `statisticsinfo` VALUES (126, '2023-07-07', 1, 60, 50, 2, 1, 1, 1, 1, 'a', 'b', 'c', 'd');
INSERT INTO `statisticsinfo` VALUES (127, '2023-07-08', 2, 60, 50, 2, 1, 1, 1, 3, 'a', 'b', 'c', 'd');
INSERT INTO `statisticsinfo` VALUES (128, '2023-07-08', 2, 60, 50, 2, 1, 1, 1, 1, 'a', 'b', 'c', 'd');
INSERT INTO `statisticsinfo` VALUES (129, '2023-07-08', 2, 60, 50, 2, 1, 1, 1, 3, 'a', 'b', 'c', 'd');
INSERT INTO `statisticsinfo` VALUES (130, '2023-07-07', 1, 60, 50, 2, 1, 1, 1, 3, 'a', 'b', 'c', 'd');
INSERT INTO `statisticsinfo` VALUES (131, '2023-07-07', 1, 60, 50, 2, 1, 1, 1, 2, 'a', 'b', 'c', 'd');
INSERT INTO `statisticsinfo` VALUES (132, '2023-07-07', 1, 60, 50, 2, 1, 1, 1, 2, 'a', 'b', 'c', 'd');
INSERT INTO `statisticsinfo` VALUES (133, '2023-07-08', 2, 60, 50, 2, 1, 1, 1, 2, 'a', 'b', 'c', 'd');
INSERT INTO `statisticsinfo` VALUES (134, '2023-07-08', 2, 60, 50, 2, 1, 1, 1, 3, 'a', 'b', 'c', 'd');
INSERT INTO `statisticsinfo` VALUES (135, '2023-07-08', 2, 60, 50, 2, 1, 1, 1, 1, 'a', 'b', 'c', 'd');
INSERT INTO `statisticsinfo` VALUES (136, '2023-07-08', 2, 60, 50, 2, 1, 1, 1, 3, 'a', 'b', 'c', 'd');
INSERT INTO `statisticsinfo` VALUES (137, '2023-07-07', 1, 60, 50, 2, 1, 1, 1, 3, 'a', 'b', 'c', 'd');
INSERT INTO `statisticsinfo` VALUES (138, '2023-07-08', 2, 60, 50, 2, 1, 1, 1, 1, 'a', 'b', 'c', 'd');
INSERT INTO `statisticsinfo` VALUES (139, '2023-07-07', 1, 60, 50, 2, 1, 1, 1, 3, 'a', 'b', 'c', 'd');
INSERT INTO `statisticsinfo` VALUES (140, '2023-07-08', 2, 60, 50, 2, 1, 1, 1, 1, 'a', 'b', 'c', 'd');
INSERT INTO `statisticsinfo` VALUES (141, '2023-07-07', 1, 60, 50, 2, 1, 1, 1, 3, 'a', 'b', 'c', 'd');
INSERT INTO `statisticsinfo` VALUES (142, '2023-07-07', 1, 60, 50, 2, 1, 1, 1, 3, 'a', 'b', 'c', 'd');
INSERT INTO `statisticsinfo` VALUES (143, '2023-07-08', 2, 60, 50, 2, 1, 1, 1, 1, 'a', 'b', 'c', 'd');
INSERT INTO `statisticsinfo` VALUES (144, '2023-07-08', 2, 60, 50, 2, 1, 1, 1, 1, 'a', 'b', 'c', 'd');
INSERT INTO `statisticsinfo` VALUES (145, '2023-07-07', 1, 60, 50, 2, 1, 1, 1, 3, 'a', 'b', 'c', 'd');
INSERT INTO `statisticsinfo` VALUES (146, '2023-07-08', 2, 60, 50, 2, 1, 1, 1, 2, 'a', 'b', 'c', 'd');
INSERT INTO `statisticsinfo` VALUES (147, '2023-07-08', 2, 60, 50, 2, 1, 1, 1, 3, 'a', 'b', 'c', 'd');
INSERT INTO `statisticsinfo` VALUES (148, '2023-07-08', 2, 60, 50, 2, 1, 1, 1, 1, 'a', 'b', 'c', 'd');
INSERT INTO `statisticsinfo` VALUES (149, '2023-07-07', 1, 60, 50, 2, 1, 1, 1, 3, 'a', 'b', 'c', 'd');
INSERT INTO `statisticsinfo` VALUES (150, '2023-07-07', 1, 60, 50, 2, 1, 1, 1, 1, 'a', 'b', 'c', 'd');
INSERT INTO `statisticsinfo` VALUES (151, '2023-07-07', 1, 60, 50, 2, 1, 1, 1, 3, 'a', 'b', 'c', 'd');
INSERT INTO `statisticsinfo` VALUES (152, '2023-07-07', 1, 60, 50, 2, 1, 1, 1, 2, 'a', 'b', 'c', 'd');
INSERT INTO `statisticsinfo` VALUES (153, '2023-07-07', 1, 60, 50, 2, 1, 1, 1, 3, 'a', 'b', 'c', 'd');
INSERT INTO `statisticsinfo` VALUES (154, '2023-07-07', 1, 60, 50, 2, 1, 1, 1, 1, 'a', 'b', 'c', 'd');
INSERT INTO `statisticsinfo` VALUES (155, '2023-07-08', 2, 60, 50, 2, 1, 1, 1, 3, 'a', 'b', 'c', 'd');
INSERT INTO `statisticsinfo` VALUES (156, '2023-07-07', 1, 60, 50, 2, 1, 1, 1, 3, 'a', 'b', 'c', 'd');
INSERT INTO `statisticsinfo` VALUES (157, '2023-07-07', 1, 60, 50, 2, 1, 1, 1, 2, 'a', 'b', 'c', 'd');
INSERT INTO `statisticsinfo` VALUES (158, '2023-07-07', 1, 60, 50, 2, 1, 1, 1, 3, 'a', 'b', 'c', 'd');
INSERT INTO `statisticsinfo` VALUES (159, '2023-07-08', 2, 60, 50, 2, 1, 1, 1, 3, 'a', 'b', 'c', 'd');
INSERT INTO `statisticsinfo` VALUES (160, '2023-07-08', 2, 60, 50, 2, 1, 1, 1, 2, 'a', 'b', 'c', 'd');
INSERT INTO `statisticsinfo` VALUES (161, '2023-07-07', 1, 60, 50, 2, 1, 1, 1, 3, 'a', 'b', 'c', 'd');
INSERT INTO `statisticsinfo` VALUES (162, '2023-07-08', 2, 60, 50, 2, 1, 1, 1, 1, 'a', 'b', 'c', 'd');
INSERT INTO `statisticsinfo` VALUES (163, '2023-07-08', 2, 60, 50, 2, 1, 1, 1, 2, 'a', 'b', 'c', 'd');
INSERT INTO `statisticsinfo` VALUES (164, '2023-07-08', 2, 60, 50, 2, 1, 1, 1, 3, 'a', 'b', 'c', 'd');
INSERT INTO `statisticsinfo` VALUES (165, '2023-07-08', 2, 60, 50, 2, 1, 1, 1, 2, 'a', 'b', 'c', 'd');
INSERT INTO `statisticsinfo` VALUES (166, '2023-07-07', 1, 60, 50, 2, 1, 1, 1, 3, 'a', 'b', 'c', 'd');
INSERT INTO `statisticsinfo` VALUES (167, '2023-07-08', 2, 60, 50, 2, 1, 1, 1, 3, 'a', 'b', 'c', 'd');
INSERT INTO `statisticsinfo` VALUES (168, '2023-07-08', 2, 60, 50, 2, 1, 1, 1, 3, 'a', 'b', 'c', 'd');
INSERT INTO `statisticsinfo` VALUES (169, '2023-07-07', 1, 60, 50, 2, 1, 1, 1, 2, 'a', 'b', 'c', 'd');
INSERT INTO `statisticsinfo` VALUES (170, '2023-07-08', 2, 60, 50, 2, 1, 1, 1, 2, 'a', 'b', 'c', 'd');
INSERT INTO `statisticsinfo` VALUES (171, '2023-07-08', 2, 60, 50, 2, 1, 1, 1, 2, 'a', 'b', 'c', 'd');
INSERT INTO `statisticsinfo` VALUES (172, '2023-07-08', 2, 60, 50, 2, 1, 1, 1, 3, 'a', 'b', 'c', 'd');
INSERT INTO `statisticsinfo` VALUES (173, '2023-07-07', 1, 60, 50, 2, 1, 1, 1, 3, 'a', 'b', 'c', 'd');
INSERT INTO `statisticsinfo` VALUES (174, '2023-07-08', 2, 60, 50, 2, 1, 1, 1, 1, 'a', 'b', 'c', 'd');
INSERT INTO `statisticsinfo` VALUES (175, '2023-07-08', 2, 60, 50, 2, 1, 1, 1, 1, 'a', 'b', 'c', 'd');
INSERT INTO `statisticsinfo` VALUES (176, '2023-07-08', 2, 60, 50, 2, 1, 1, 1, 3, 'a', 'b', 'c', 'd');
INSERT INTO `statisticsinfo` VALUES (177, '2023-07-07', 1, 60, 50, 2, 1, 1, 1, 1, 'a', 'b', 'c', 'd');
INSERT INTO `statisticsinfo` VALUES (178, '2023-07-07', 1, 60, 50, 2, 1, 1, 1, 2, 'a', 'b', 'c', 'd');
INSERT INTO `statisticsinfo` VALUES (179, '2023-07-08', 2, 60, 50, 2, 1, 1, 1, 3, 'a', 'b', 'c', 'd');
INSERT INTO `statisticsinfo` VALUES (180, '2023-07-08', 2, 60, 50, 2, 1, 1, 1, 2, 'a', 'b', 'c', 'd');
INSERT INTO `statisticsinfo` VALUES (181, '2023-07-08', 2, 60, 50, 2, 1, 1, 1, 1, 'a', 'b', 'c', 'd');
INSERT INTO `statisticsinfo` VALUES (182, '2023-07-08', 2, 60, 50, 2, 1, 1, 1, 2, 'a', 'b', 'c', 'd');
INSERT INTO `statisticsinfo` VALUES (183, '2023-07-07', 1, 60, 50, 2, 1, 1, 1, 3, 'a', 'b', 'c', 'd');
INSERT INTO `statisticsinfo` VALUES (184, '2023-07-08', 2, 60, 50, 2, 1, 1, 1, 1, 'a', 'b', 'c', 'd');
INSERT INTO `statisticsinfo` VALUES (185, '2023-07-07', 1, 60, 50, 2, 1, 1, 1, 3, 'a', 'b', 'c', 'd');
INSERT INTO `statisticsinfo` VALUES (186, '2023-07-07', 1, 60, 50, 2, 1, 1, 1, 3, 'a', 'b', 'c', 'd');
INSERT INTO `statisticsinfo` VALUES (187, '2023-07-08', 2, 60, 50, 2, 1, 1, 1, 1, 'a', 'b', 'c', 'd');
INSERT INTO `statisticsinfo` VALUES (188, '2023-07-07', 1, 60, 50, 2, 1, 1, 1, 3, 'a', 'b', 'c', 'd');
INSERT INTO `statisticsinfo` VALUES (189, '2023-07-08', 2, 60, 50, 2, 1, 1, 1, 3, 'a', 'b', 'c', 'd');
INSERT INTO `statisticsinfo` VALUES (190, '2023-07-08', 2, 60, 50, 2, 1, 1, 1, 1, 'a', 'b', 'c', 'd');
INSERT INTO `statisticsinfo` VALUES (191, '2023-07-08', 2, 60, 50, 2, 1, 1, 1, 1, 'a', 'b', 'c', 'd');
INSERT INTO `statisticsinfo` VALUES (192, '2023-07-08', 2, 60, 50, 2, 1, 1, 1, 2, 'a', 'b', 'c', 'd');
INSERT INTO `statisticsinfo` VALUES (193, '2023-07-07', 1, 60, 50, 2, 1, 1, 1, 2, 'a', 'b', 'c', 'd');
INSERT INTO `statisticsinfo` VALUES (194, '2023-07-08', 2, 60, 50, 2, 1, 1, 1, 1, 'a', 'b', 'c', 'd');
INSERT INTO `statisticsinfo` VALUES (195, '2023-07-07', 1, 60, 50, 2, 1, 1, 1, 1, 'a', 'b', 'c', 'd');
INSERT INTO `statisticsinfo` VALUES (196, '2023-07-07', 1, 60, 50, 2, 1, 1, 1, 2, 'a', 'b', 'c', 'd');
INSERT INTO `statisticsinfo` VALUES (197, '2023-07-07', 1, 60, 50, 2, 1, 1, 1, 3, 'a', 'b', 'c', 'd');
INSERT INTO `statisticsinfo` VALUES (198, '2023-07-07', 1, 60, 50, 2, 1, 1, 1, 3, 'a', 'b', 'c', 'd');
INSERT INTO `statisticsinfo` VALUES (199, '2023-07-07', 1, 60, 50, 2, 1, 1, 1, 1, 'a', 'b', 'c', 'd');
INSERT INTO `statisticsinfo` VALUES (200, '2023-07-07', 1, 60, 50, 2, 1, 1, 1, 1, 'a', 'b', 'c', 'd');
INSERT INTO `statisticsinfo` VALUES (201, '2023-07-08', 2, 60, 50, 2, 1, 1, 1, 1, 'a', 'b', 'c', 'd');
INSERT INTO `statisticsinfo` VALUES (202, '2023-07-08', 2, 60, 50, 2, 1, 1, 1, 2, 'a', 'b', 'c', 'd');
INSERT INTO `statisticsinfo` VALUES (203, '2023-07-08', 2, 60, 50, 2, 1, 1, 1, 3, 'a', 'b', 'c', 'd');
INSERT INTO `statisticsinfo` VALUES (204, '2023-07-08', 2, 60, 50, 2, 1, 1, 1, 1, 'a', 'b', 'c', 'd');
INSERT INTO `statisticsinfo` VALUES (205, '2023-07-08', 2, 60, 50, 2, 1, 1, 1, 1, 'a', 'b', 'c', 'd');
INSERT INTO `statisticsinfo` VALUES (206, '2023-07-07', 1, 60, 50, 2, 1, 1, 1, 2, 'a', 'b', 'c', 'd');
INSERT INTO `statisticsinfo` VALUES (207, '2023-07-08', 2, 60, 50, 2, 1, 1, 1, 1, 'a', 'b', 'c', 'd');
INSERT INTO `statisticsinfo` VALUES (208, '2023-07-08', 2, 60, 50, 2, 1, 1, 1, 1, 'a', 'b', 'c', 'd');
INSERT INTO `statisticsinfo` VALUES (209, '2023-07-07', 1, 60, 50, 2, 1, 1, 1, 3, 'a', 'b', 'c', 'd');
INSERT INTO `statisticsinfo` VALUES (210, '2023-07-08', 2, 60, 50, 2, 1, 1, 1, 2, 'a', 'b', 'c', 'd');
INSERT INTO `statisticsinfo` VALUES (211, '2023-07-08', 2, 60, 50, 2, 1, 1, 1, 2, 'a', 'b', 'c', 'd');
INSERT INTO `statisticsinfo` VALUES (212, '2023-07-08', 2, 60, 50, 2, 1, 1, 1, 3, 'a', 'b', 'c', 'd');
INSERT INTO `statisticsinfo` VALUES (213, '2023-07-08', 2, 60, 50, 2, 1, 1, 1, 2, 'a', 'b', 'c', 'd');
INSERT INTO `statisticsinfo` VALUES (214, '2023-07-08', 2, 60, 50, 2, 1, 1, 1, 3, 'a', 'b', 'c', 'd');
INSERT INTO `statisticsinfo` VALUES (215, '2023-07-08', 2, 60, 50, 2, 1, 1, 1, 3, 'a', 'b', 'c', 'd');
INSERT INTO `statisticsinfo` VALUES (216, '2023-07-07', 1, 60, 50, 2, 1, 1, 1, 2, 'a', 'b', 'c', 'd');
INSERT INTO `statisticsinfo` VALUES (217, '2023-07-07', 1, 60, 50, 2, 1, 1, 1, 3, 'a', 'b', 'c', 'd');
INSERT INTO `statisticsinfo` VALUES (218, '2023-07-08', 2, 60, 50, 2, 1, 1, 1, 3, 'a', 'b', 'c', 'd');
INSERT INTO `statisticsinfo` VALUES (219, '2023-07-08', 2, 60, 50, 2, 1, 1, 1, 3, 'a', 'b', 'c', 'd');
INSERT INTO `statisticsinfo` VALUES (220, '2023-07-07', 1, 60, 50, 2, 1, 1, 1, 2, 'a', 'b', 'c', 'd');
INSERT INTO `statisticsinfo` VALUES (221, '2023-07-08', 2, 60, 50, 2, 1, 1, 1, 1, 'a', 'b', 'c', 'd');
INSERT INTO `statisticsinfo` VALUES (222, '2023-07-08', 2, 60, 50, 2, 1, 1, 1, 1, 'a', 'b', 'c', 'd');
INSERT INTO `statisticsinfo` VALUES (223, '2023-07-08', 2, 60, 50, 2, 1, 1, 1, 1, 'a', 'b', 'c', 'd');
INSERT INTO `statisticsinfo` VALUES (224, '2023-07-07', 1, 60, 50, 2, 1, 1, 1, 1, 'a', 'b', 'c', 'd');
INSERT INTO `statisticsinfo` VALUES (225, '2023-07-08', 2, 60, 50, 2, 1, 1, 1, 1, 'a', 'b', 'c', 'd');
INSERT INTO `statisticsinfo` VALUES (226, '2023-07-08', 2, 60, 50, 2, 1, 1, 1, 3, 'a', 'b', 'c', 'd');
INSERT INTO `statisticsinfo` VALUES (227, '2023-07-08', 2, 60, 50, 2, 1, 1, 1, 1, 'a', 'b', 'c', 'd');
INSERT INTO `statisticsinfo` VALUES (228, '2023-07-07', 1, 60, 50, 2, 1, 1, 1, 3, 'a', 'b', 'c', 'd');
INSERT INTO `statisticsinfo` VALUES (229, '2023-07-07', 1, 60, 50, 2, 1, 1, 1, 3, 'a', 'b', 'c', 'd');
INSERT INTO `statisticsinfo` VALUES (230, '2023-07-08', 2, 60, 50, 2, 1, 1, 1, 2, 'a', 'b', 'c', 'd');
INSERT INTO `statisticsinfo` VALUES (231, '2023-07-07', 1, 60, 50, 2, 1, 1, 1, 3, 'a', 'b', 'c', 'd');
INSERT INTO `statisticsinfo` VALUES (232, '2023-07-08', 2, 60, 50, 2, 1, 1, 1, 2, 'a', 'b', 'c', 'd');
INSERT INTO `statisticsinfo` VALUES (233, '2023-07-07', 1, 60, 50, 2, 1, 1, 1, 2, 'a', 'b', 'c', 'd');
INSERT INTO `statisticsinfo` VALUES (234, '2023-07-07', 1, 60, 50, 2, 1, 1, 1, 2, 'a', 'b', 'c', 'd');
INSERT INTO `statisticsinfo` VALUES (235, '2023-07-07', 1, 60, 50, 2, 1, 1, 1, 3, 'a', 'b', 'c', 'd');
INSERT INTO `statisticsinfo` VALUES (236, '2023-07-07', 1, 60, 50, 2, 1, 1, 1, 3, 'a', 'b', 'c', 'd');
INSERT INTO `statisticsinfo` VALUES (237, '2023-07-07', 1, 60, 50, 2, 1, 1, 1, 2, 'a', 'b', 'c', 'd');
INSERT INTO `statisticsinfo` VALUES (238, '2023-07-07', 1, 60, 50, 2, 1, 1, 1, 2, 'a', 'b', 'c', 'd');
INSERT INTO `statisticsinfo` VALUES (239, '2023-07-07', 1, 60, 50, 2, 1, 1, 1, 2, 'a', 'b', 'c', 'd');
INSERT INTO `statisticsinfo` VALUES (240, '2023-07-08', 2, 60, 50, 2, 1, 1, 1, 1, 'a', 'b', 'c', 'd');
INSERT INTO `statisticsinfo` VALUES (241, '2023-07-08', 2, 60, 50, 2, 1, 1, 1, 2, 'a', 'b', 'c', 'd');
INSERT INTO `statisticsinfo` VALUES (242, '2023-07-08', 2, 60, 50, 2, 1, 1, 1, 2, 'a', 'b', 'c', 'd');
INSERT INTO `statisticsinfo` VALUES (243, '2023-07-08', 2, 60, 50, 2, 1, 1, 1, 2, 'a', 'b', 'c', 'd');
INSERT INTO `statisticsinfo` VALUES (244, '2023-07-08', 2, 60, 50, 2, 1, 1, 1, 2, 'a', 'b', 'c', 'd');
INSERT INTO `statisticsinfo` VALUES (245, '2023-07-08', 2, 60, 50, 2, 1, 1, 1, 3, 'a', 'b', 'c', 'd');
INSERT INTO `statisticsinfo` VALUES (246, '2023-07-07', 1, 60, 50, 2, 1, 1, 1, 1, 'a', 'b', 'c', 'd');
INSERT INTO `statisticsinfo` VALUES (247, '2023-07-07', 1, 60, 50, 2, 1, 1, 1, 2, 'a', 'b', 'c', 'd');
INSERT INTO `statisticsinfo` VALUES (248, '2023-07-08', 2, 60, 50, 2, 1, 1, 1, 3, 'a', 'b', 'c', 'd');
INSERT INTO `statisticsinfo` VALUES (249, '2023-07-08', 2, 60, 50, 2, 1, 1, 1, 2, 'a', 'b', 'c', 'd');
INSERT INTO `statisticsinfo` VALUES (250, '2023-07-07', 1, 60, 50, 2, 1, 1, 1, 2, 'a', 'b', 'c', 'd');
INSERT INTO `statisticsinfo` VALUES (251, '2023-07-07', 1, 60, 50, 2, 1, 1, 1, 2, 'a', 'b', 'c', 'd');
INSERT INTO `statisticsinfo` VALUES (252, '2023-07-07', 1, 60, 50, 2, 1, 1, 1, 3, 'a', 'b', 'c', 'd');
INSERT INTO `statisticsinfo` VALUES (253, '2023-07-07', 1, 60, 50, 2, 1, 1, 1, 1, 'a', 'b', 'c', 'd');
INSERT INTO `statisticsinfo` VALUES (254, '2023-07-07', 1, 60, 50, 2, 1, 1, 1, 3, 'a', 'b', 'c', 'd');
INSERT INTO `statisticsinfo` VALUES (255, '2023-07-07', 1, 60, 50, 2, 1, 1, 1, 2, 'a', 'b', 'c', 'd');
INSERT INTO `statisticsinfo` VALUES (256, '2023-07-07', 1, 60, 50, 2, 1, 1, 1, 3, 'a', 'b', 'c', 'd');
INSERT INTO `statisticsinfo` VALUES (257, '2023-07-08', 2, 60, 50, 2, 1, 1, 1, 3, 'a', 'b', 'c', 'd');
INSERT INTO `statisticsinfo` VALUES (258, '2023-07-08', 2, 60, 50, 2, 1, 1, 1, 2, 'a', 'b', 'c', 'd');
INSERT INTO `statisticsinfo` VALUES (259, '2023-07-07', 1, 60, 50, 2, 1, 1, 1, 2, 'a', 'b', 'c', 'd');
INSERT INTO `statisticsinfo` VALUES (260, '2023-07-07', 1, 60, 50, 2, 1, 1, 1, 1, 'a', 'b', 'c', 'd');
INSERT INTO `statisticsinfo` VALUES (261, '2023-07-08', 2, 60, 50, 2, 1, 1, 1, 1, 'a', 'b', 'c', 'd');
INSERT INTO `statisticsinfo` VALUES (262, '2023-07-07', 1, 60, 50, 2, 1, 1, 1, 2, 'a', 'b', 'c', 'd');
INSERT INTO `statisticsinfo` VALUES (263, '2023-07-07', 1, 60, 50, 2, 1, 1, 1, 1, 'a', 'b', 'c', 'd');
INSERT INTO `statisticsinfo` VALUES (264, '2023-07-08', 2, 60, 50, 2, 1, 1, 1, 1, 'a', 'b', 'c', 'd');
INSERT INTO `statisticsinfo` VALUES (265, '2023-07-08', 2, 60, 50, 2, 1, 1, 1, 3, 'a', 'b', 'c', 'd');
INSERT INTO `statisticsinfo` VALUES (266, '2023-07-08', 2, 60, 50, 2, 1, 1, 1, 1, 'a', 'b', 'c', 'd');
INSERT INTO `statisticsinfo` VALUES (267, '2023-07-07', 1, 60, 50, 2, 1, 1, 1, 1, 'a', 'b', 'c', 'd');
INSERT INTO `statisticsinfo` VALUES (268, '2023-07-07', 1, 60, 50, 2, 1, 1, 1, 3, 'a', 'b', 'c', 'd');
INSERT INTO `statisticsinfo` VALUES (269, '2023-07-08', 2, 60, 50, 2, 1, 1, 1, 2, 'a', 'b', 'c', 'd');
INSERT INTO `statisticsinfo` VALUES (270, '2023-07-07', 1, 60, 50, 2, 1, 1, 1, 2, 'a', 'b', 'c', 'd');
INSERT INTO `statisticsinfo` VALUES (271, '2023-07-08', 2, 60, 50, 2, 1, 1, 1, 2, 'a', 'b', 'c', 'd');
INSERT INTO `statisticsinfo` VALUES (272, '2023-07-08', 2, 60, 50, 2, 1, 1, 1, 2, 'a', 'b', 'c', 'd');
INSERT INTO `statisticsinfo` VALUES (273, '2023-07-07', 1, 60, 50, 2, 1, 1, 1, 1, 'a', 'b', 'c', 'd');
INSERT INTO `statisticsinfo` VALUES (274, '2023-07-08', 2, 60, 50, 2, 1, 1, 1, 2, 'a', 'b', 'c', 'd');
INSERT INTO `statisticsinfo` VALUES (275, '2023-07-08', 2, 60, 50, 2, 1, 1, 1, 3, 'a', 'b', 'c', 'd');
INSERT INTO `statisticsinfo` VALUES (276, '2023-07-08', 2, 60, 50, 2, 1, 1, 1, 2, 'a', 'b', 'c', 'd');
INSERT INTO `statisticsinfo` VALUES (277, '2023-07-07', 1, 60, 50, 2, 1, 1, 1, 2, 'a', 'b', 'c', 'd');
INSERT INTO `statisticsinfo` VALUES (278, '2023-07-08', 2, 60, 50, 2, 1, 1, 1, 1, 'a', 'b', 'c', 'd');
INSERT INTO `statisticsinfo` VALUES (279, '2023-07-08', 2, 60, 50, 2, 1, 1, 1, 2, 'a', 'b', 'c', 'd');
INSERT INTO `statisticsinfo` VALUES (280, '2023-07-08', 2, 60, 50, 2, 1, 1, 1, 3, 'a', 'b', 'c', 'd');
INSERT INTO `statisticsinfo` VALUES (281, '2023-07-08', 2, 60, 50, 2, 1, 1, 1, 3, 'a', 'b', 'c', 'd');
INSERT INTO `statisticsinfo` VALUES (282, '2023-07-08', 2, 60, 50, 2, 1, 1, 1, 1, 'a', 'b', 'c', 'd');
INSERT INTO `statisticsinfo` VALUES (283, '2023-07-08', 2, 60, 50, 2, 1, 1, 1, 2, 'a', 'b', 'c', 'd');
INSERT INTO `statisticsinfo` VALUES (284, '2023-07-08', 2, 60, 50, 2, 1, 1, 1, 1, 'a', 'b', 'c', 'd');
INSERT INTO `statisticsinfo` VALUES (285, '2023-07-07', 1, 60, 50, 2, 1, 1, 1, 3, 'a', 'b', 'c', 'd');
INSERT INTO `statisticsinfo` VALUES (286, '2023-07-08', 2, 60, 50, 2, 1, 1, 1, 2, 'a', 'b', 'c', 'd');
INSERT INTO `statisticsinfo` VALUES (287, '2023-07-08', 2, 60, 50, 2, 1, 1, 1, 1, 'a', 'b', 'c', 'd');
INSERT INTO `statisticsinfo` VALUES (288, '2023-07-08', 2, 60, 50, 2, 1, 1, 1, 3, 'a', 'b', 'c', 'd');
INSERT INTO `statisticsinfo` VALUES (289, '2023-07-08', 2, 60, 50, 2, 1, 1, 1, 3, 'a', 'b', 'c', 'd');
INSERT INTO `statisticsinfo` VALUES (290, '2023-07-07', 1, 60, 50, 2, 1, 1, 1, 3, 'a', 'b', 'c', 'd');
INSERT INTO `statisticsinfo` VALUES (291, '2023-07-07', 1, 60, 50, 2, 1, 1, 1, 3, 'a', 'b', 'c', 'd');
INSERT INTO `statisticsinfo` VALUES (292, '2023-07-08', 2, 60, 50, 2, 1, 1, 1, 3, 'a', 'b', 'c', 'd');
INSERT INTO `statisticsinfo` VALUES (293, '2023-07-08', 2, 60, 50, 2, 1, 1, 1, 3, 'a', 'b', 'c', 'd');
INSERT INTO `statisticsinfo` VALUES (294, '2023-07-08', 2, 60, 50, 2, 1, 1, 1, 3, 'a', 'b', 'c', 'd');
INSERT INTO `statisticsinfo` VALUES (295, '2023-07-07', 1, 60, 50, 2, 1, 1, 1, 2, 'a', 'b', 'c', 'd');
INSERT INTO `statisticsinfo` VALUES (296, '2023-07-08', 2, 60, 50, 2, 1, 1, 1, 3, 'a', 'b', 'c', 'd');
INSERT INTO `statisticsinfo` VALUES (297, '2023-07-08', 2, 60, 50, 2, 1, 1, 1, 2, 'a', 'b', 'c', 'd');
INSERT INTO `statisticsinfo` VALUES (298, '2023-07-08', 2, 60, 50, 2, 1, 1, 1, 2, 'a', 'b', 'c', 'd');
INSERT INTO `statisticsinfo` VALUES (299, '2023-07-07', 1, 60, 50, 2, 1, 1, 1, 2, 'a', 'b', 'c', 'd');
INSERT INTO `statisticsinfo` VALUES (300, '2023-07-08', 2, 60, 50, 2, 1, 1, 1, 3, 'a', 'b', 'c', 'd');
INSERT INTO `statisticsinfo` VALUES (301, '2023-07-08', 2, 60, 50, 2, 1, 1, 1, 3, 'a', 'b', 'c', 'd');
INSERT INTO `statisticsinfo` VALUES (302, '2023-07-08', 2, 60, 50, 2, 1, 1, 1, 1, 'a', 'b', 'c', 'd');
INSERT INTO `statisticsinfo` VALUES (303, '2023-07-08', 2, 60, 50, 2, 1, 1, 1, 2, 'a', 'b', 'c', 'd');
INSERT INTO `statisticsinfo` VALUES (304, '2023-07-08', 2, 60, 50, 2, 1, 1, 1, 1, 'a', 'b', 'c', 'd');
INSERT INTO `statisticsinfo` VALUES (305, '2023-07-08', 2, 60, 50, 2, 1, 1, 1, 3, 'a', 'b', 'c', 'd');
INSERT INTO `statisticsinfo` VALUES (306, '2023-07-08', 2, 60, 50, 2, 1, 1, 1, 1, 'a', 'b', 'c', 'd');
INSERT INTO `statisticsinfo` VALUES (307, '2023-07-08', 2, 60, 50, 2, 1, 1, 1, 1, 'a', 'b', 'c', 'd');
INSERT INTO `statisticsinfo` VALUES (308, '2023-07-07', 1, 60, 50, 2, 1, 1, 1, 1, 'a', 'b', 'c', 'd');
INSERT INTO `statisticsinfo` VALUES (309, '2023-07-07', 1, 60, 50, 2, 1, 1, 1, 1, 'a', 'b', 'c', 'd');
INSERT INTO `statisticsinfo` VALUES (310, '2023-07-07', 1, 60, 50, 2, 1, 1, 1, 2, 'a', 'b', 'c', 'd');
INSERT INTO `statisticsinfo` VALUES (311, '2023-07-07', 1, 60, 50, 2, 1, 1, 1, 3, 'a', 'b', 'c', 'd');
INSERT INTO `statisticsinfo` VALUES (312, '2023-07-07', 1, 60, 50, 2, 1, 1, 1, 2, 'a', 'b', 'c', 'd');
INSERT INTO `statisticsinfo` VALUES (313, '2023-07-07', 1, 60, 50, 2, 1, 1, 1, 2, 'a', 'b', 'c', 'd');
INSERT INTO `statisticsinfo` VALUES (314, '2023-07-07', 1, 60, 50, 2, 1, 1, 1, 3, 'a', 'b', 'c', 'd');
INSERT INTO `statisticsinfo` VALUES (315, '2023-07-08', 2, 60, 50, 2, 1, 1, 1, 1, 'a', 'b', 'c', 'd');
INSERT INTO `statisticsinfo` VALUES (316, '2023-07-07', 1, 60, 50, 2, 1, 1, 1, 2, 'a', 'b', 'c', 'd');
INSERT INTO `statisticsinfo` VALUES (317, '2023-07-08', 2, 60, 50, 2, 1, 1, 1, 3, 'a', 'b', 'c', 'd');
INSERT INTO `statisticsinfo` VALUES (318, '2023-07-07', 1, 60, 50, 2, 1, 1, 1, 3, 'a', 'b', 'c', 'd');
INSERT INTO `statisticsinfo` VALUES (319, '2023-07-07', 1, 60, 50, 2, 1, 1, 1, 2, 'a', 'b', 'c', 'd');
INSERT INTO `statisticsinfo` VALUES (320, '2023-07-08', 2, 60, 50, 2, 1, 1, 1, 3, 'a', 'b', 'c', 'd');
INSERT INTO `statisticsinfo` VALUES (321, '2023-07-07', 1, 60, 50, 2, 1, 1, 1, 1, 'a', 'b', 'c', 'd');
INSERT INTO `statisticsinfo` VALUES (322, '2023-07-07', 1, 60, 50, 2, 1, 1, 1, 2, 'a', 'b', 'c', 'd');
INSERT INTO `statisticsinfo` VALUES (323, '2023-07-08', 2, 60, 50, 2, 1, 1, 1, 2, 'a', 'b', 'c', 'd');
INSERT INTO `statisticsinfo` VALUES (324, '2023-07-08', 2, 60, 50, 2, 1, 1, 1, 2, 'a', 'b', 'c', 'd');
INSERT INTO `statisticsinfo` VALUES (325, '2023-07-07', 1, 60, 50, 2, 1, 1, 1, 1, 'a', 'b', 'c', 'd');
INSERT INTO `statisticsinfo` VALUES (326, '2023-07-07', 1, 60, 50, 2, 1, 1, 1, 3, 'a', 'b', 'c', 'd');
INSERT INTO `statisticsinfo` VALUES (327, '2023-07-08', 2, 60, 50, 2, 1, 1, 1, 3, 'a', 'b', 'c', 'd');
INSERT INTO `statisticsinfo` VALUES (328, '2023-07-08', 2, 60, 50, 2, 1, 1, 1, 2, 'a', 'b', 'c', 'd');
INSERT INTO `statisticsinfo` VALUES (329, '2023-07-07', 1, 60, 50, 2, 1, 1, 1, 2, 'a', 'b', 'c', 'd');
INSERT INTO `statisticsinfo` VALUES (330, '2023-07-07', 1, 60, 50, 2, 1, 1, 1, 1, 'a', 'b', 'c', 'd');
INSERT INTO `statisticsinfo` VALUES (331, '2023-07-08', 2, 60, 50, 2, 1, 1, 1, 1, 'a', 'b', 'c', 'd');
INSERT INTO `statisticsinfo` VALUES (332, '2023-07-07', 1, 60, 50, 2, 1, 1, 1, 2, 'a', 'b', 'c', 'd');
INSERT INTO `statisticsinfo` VALUES (333, '2023-07-07', 1, 60, 50, 2, 1, 1, 1, 3, 'a', 'b', 'c', 'd');
INSERT INTO `statisticsinfo` VALUES (334, '2023-07-07', 1, 60, 50, 2, 1, 1, 1, 2, 'a', 'b', 'c', 'd');
INSERT INTO `statisticsinfo` VALUES (335, '2023-07-07', 1, 60, 50, 2, 1, 1, 1, 3, 'a', 'b', 'c', 'd');
INSERT INTO `statisticsinfo` VALUES (336, '2023-07-08', 2, 60, 50, 2, 1, 1, 1, 3, 'a', 'b', 'c', 'd');
INSERT INTO `statisticsinfo` VALUES (337, '2023-07-07', 1, 60, 50, 2, 1, 1, 1, 1, 'a', 'b', 'c', 'd');
INSERT INTO `statisticsinfo` VALUES (338, '2023-07-08', 2, 60, 50, 2, 1, 1, 1, 2, 'a', 'b', 'c', 'd');
INSERT INTO `statisticsinfo` VALUES (339, '2023-07-08', 2, 60, 50, 2, 1, 1, 1, 1, 'a', 'b', 'c', 'd');
INSERT INTO `statisticsinfo` VALUES (340, '2023-07-07', 1, 60, 50, 2, 1, 1, 1, 3, 'a', 'b', 'c', 'd');
INSERT INTO `statisticsinfo` VALUES (341, '2023-07-08', 2, 60, 50, 2, 1, 1, 1, 2, 'a', 'b', 'c', 'd');
INSERT INTO `statisticsinfo` VALUES (342, '2023-07-07', 1, 60, 50, 2, 1, 1, 1, 3, 'a', 'b', 'c', 'd');
INSERT INTO `statisticsinfo` VALUES (343, '2023-07-08', 2, 60, 50, 2, 1, 1, 1, 1, 'a', 'b', 'c', 'd');
INSERT INTO `statisticsinfo` VALUES (344, '2023-07-07', 1, 60, 50, 2, 1, 1, 1, 3, 'a', 'b', 'c', 'd');
INSERT INTO `statisticsinfo` VALUES (345, '2023-07-08', 2, 60, 50, 2, 1, 1, 1, 3, 'a', 'b', 'c', 'd');
INSERT INTO `statisticsinfo` VALUES (346, '2023-07-07', 1, 60, 50, 2, 1, 1, 1, 3, 'a', 'b', 'c', 'd');
INSERT INTO `statisticsinfo` VALUES (347, '2023-07-08', 2, 60, 50, 2, 1, 1, 1, 2, 'a', 'b', 'c', 'd');
INSERT INTO `statisticsinfo` VALUES (348, '2023-07-07', 1, 60, 50, 2, 1, 1, 1, 2, 'a', 'b', 'c', 'd');
INSERT INTO `statisticsinfo` VALUES (349, '2023-07-08', 2, 60, 50, 2, 1, 1, 1, 3, 'a', 'b', 'c', 'd');
INSERT INTO `statisticsinfo` VALUES (350, '2023-07-07', 1, 60, 50, 2, 1, 1, 1, 2, 'a', 'b', 'c', 'd');
INSERT INTO `statisticsinfo` VALUES (351, '2023-07-07', 1, 60, 50, 2, 1, 1, 1, 3, 'a', 'b', 'c', 'd');
INSERT INTO `statisticsinfo` VALUES (352, '2023-07-07', 1, 60, 50, 2, 1, 1, 1, 3, 'a', 'b', 'c', 'd');
INSERT INTO `statisticsinfo` VALUES (353, '2023-07-08', 2, 60, 50, 2, 1, 1, 1, 3, 'a', 'b', 'c', 'd');
INSERT INTO `statisticsinfo` VALUES (354, '2023-07-08', 2, 60, 50, 2, 1, 1, 1, 3, 'a', 'b', 'c', 'd');
INSERT INTO `statisticsinfo` VALUES (355, '2023-07-08', 2, 60, 50, 2, 1, 1, 1, 2, 'a', 'b', 'c', 'd');
INSERT INTO `statisticsinfo` VALUES (356, '2023-07-07', 1, 60, 50, 2, 1, 1, 1, 2, 'a', 'b', 'c', 'd');
INSERT INTO `statisticsinfo` VALUES (357, '2023-07-08', 2, 60, 50, 2, 1, 1, 1, 1, 'a', 'b', 'c', 'd');
INSERT INTO `statisticsinfo` VALUES (358, '2023-07-07', 1, 60, 50, 2, 1, 1, 1, 2, 'a', 'b', 'c', 'd');
INSERT INTO `statisticsinfo` VALUES (359, '2023-07-08', 2, 60, 50, 2, 1, 1, 1, 1, 'a', 'b', 'c', 'd');
INSERT INTO `statisticsinfo` VALUES (360, '2023-07-08', 2, 60, 50, 2, 1, 1, 1, 1, 'a', 'b', 'c', 'd');
INSERT INTO `statisticsinfo` VALUES (361, '2023-07-08', 2, 60, 50, 2, 1, 1, 1, 2, 'a', 'b', 'c', 'd');
INSERT INTO `statisticsinfo` VALUES (362, '2023-07-07', 1, 60, 50, 2, 1, 1, 1, 3, 'a', 'b', 'c', 'd');
INSERT INTO `statisticsinfo` VALUES (363, '2023-07-08', 2, 60, 50, 2, 1, 1, 1, 1, 'a', 'b', 'c', 'd');
INSERT INTO `statisticsinfo` VALUES (364, '2023-07-07', 1, 60, 50, 2, 1, 1, 1, 3, 'a', 'b', 'c', 'd');
INSERT INTO `statisticsinfo` VALUES (365, '2023-07-07', 1, 60, 50, 2, 1, 1, 1, 2, 'a', 'b', 'c', 'd');
INSERT INTO `statisticsinfo` VALUES (366, '2023-07-08', 2, 60, 50, 2, 1, 1, 1, 2, 'a', 'b', 'c', 'd');
INSERT INTO `statisticsinfo` VALUES (367, '2023-07-08', 2, 60, 50, 2, 1, 1, 1, 2, 'a', 'b', 'c', 'd');
INSERT INTO `statisticsinfo` VALUES (368, '2023-07-08', 2, 60, 50, 2, 1, 1, 1, 3, 'a', 'b', 'c', 'd');
INSERT INTO `statisticsinfo` VALUES (369, '2023-07-08', 2, 60, 50, 2, 1, 1, 1, 3, 'a', 'b', 'c', 'd');
INSERT INTO `statisticsinfo` VALUES (370, '2023-07-07', 1, 60, 50, 2, 1, 1, 1, 2, 'a', 'b', 'c', 'd');
INSERT INTO `statisticsinfo` VALUES (371, '2023-07-08', 2, 60, 50, 2, 1, 1, 1, 2, 'a', 'b', 'c', 'd');
INSERT INTO `statisticsinfo` VALUES (372, '2023-07-07', 1, 60, 50, 2, 1, 1, 1, 1, 'a', 'b', 'c', 'd');
INSERT INTO `statisticsinfo` VALUES (373, '2023-07-07', 1, 60, 50, 2, 1, 1, 1, 3, 'a', 'b', 'c', 'd');
INSERT INTO `statisticsinfo` VALUES (374, '2023-07-07', 1, 60, 50, 2, 1, 1, 1, 2, 'a', 'b', 'c', 'd');
INSERT INTO `statisticsinfo` VALUES (375, '2023-07-08', 2, 60, 50, 2, 1, 1, 1, 3, 'a', 'b', 'c', 'd');
INSERT INTO `statisticsinfo` VALUES (376, '2023-07-07', 1, 60, 50, 2, 1, 1, 1, 2, 'a', 'b', 'c', 'd');
INSERT INTO `statisticsinfo` VALUES (377, '2023-07-07', 1, 60, 50, 2, 1, 1, 1, 3, 'a', 'b', 'c', 'd');
INSERT INTO `statisticsinfo` VALUES (378, '2023-07-08', 2, 60, 50, 2, 1, 1, 1, 1, 'a', 'b', 'c', 'd');
INSERT INTO `statisticsinfo` VALUES (379, '2023-07-08', 2, 60, 50, 2, 1, 1, 1, 1, 'a', 'b', 'c', 'd');
INSERT INTO `statisticsinfo` VALUES (380, '2023-07-08', 2, 60, 50, 2, 1, 1, 1, 1, 'a', 'b', 'c', 'd');
INSERT INTO `statisticsinfo` VALUES (381, '2023-07-08', 2, 60, 50, 2, 1, 1, 1, 3, 'a', 'b', 'c', 'd');
INSERT INTO `statisticsinfo` VALUES (382, '2023-07-07', 1, 60, 50, 2, 1, 1, 1, 2, 'a', 'b', 'c', 'd');
INSERT INTO `statisticsinfo` VALUES (383, '2023-07-07', 1, 60, 50, 2, 1, 1, 1, 2, 'a', 'b', 'c', 'd');
INSERT INTO `statisticsinfo` VALUES (384, '2023-07-07', 1, 60, 50, 2, 1, 1, 1, 3, 'a', 'b', 'c', 'd');
INSERT INTO `statisticsinfo` VALUES (385, '2023-07-08', 2, 60, 50, 2, 1, 1, 1, 1, 'a', 'b', 'c', 'd');
INSERT INTO `statisticsinfo` VALUES (386, '2023-07-07', 1, 60, 50, 2, 1, 1, 1, 3, 'a', 'b', 'c', 'd');
INSERT INTO `statisticsinfo` VALUES (387, '2023-07-07', 1, 60, 50, 2, 1, 1, 1, 3, 'a', 'b', 'c', 'd');
INSERT INTO `statisticsinfo` VALUES (388, '2023-07-08', 2, 60, 50, 2, 1, 1, 1, 2, 'a', 'b', 'c', 'd');
INSERT INTO `statisticsinfo` VALUES (389, '2023-07-08', 2, 60, 50, 2, 1, 1, 1, 1, 'a', 'b', 'c', 'd');
INSERT INTO `statisticsinfo` VALUES (390, '2023-07-08', 2, 60, 50, 2, 1, 1, 1, 2, 'a', 'b', 'c', 'd');
INSERT INTO `statisticsinfo` VALUES (391, '2023-07-07', 1, 60, 50, 2, 1, 1, 1, 3, 'a', 'b', 'c', 'd');
INSERT INTO `statisticsinfo` VALUES (392, '2023-07-08', 2, 60, 50, 2, 1, 1, 1, 1, 'a', 'b', 'c', 'd');
INSERT INTO `statisticsinfo` VALUES (393, '2023-07-08', 2, 60, 50, 2, 1, 1, 1, 3, 'a', 'b', 'c', 'd');
INSERT INTO `statisticsinfo` VALUES (394, '2023-07-07', 1, 60, 50, 2, 1, 1, 1, 1, 'a', 'b', 'c', 'd');
INSERT INTO `statisticsinfo` VALUES (395, '2023-07-07', 1, 60, 50, 2, 1, 1, 1, 2, 'a', 'b', 'c', 'd');
INSERT INTO `statisticsinfo` VALUES (396, '2023-07-07', 1, 60, 50, 2, 1, 1, 1, 2, 'a', 'b', 'c', 'd');
INSERT INTO `statisticsinfo` VALUES (397, '2023-07-07', 1, 60, 50, 2, 1, 1, 1, 3, 'a', 'b', 'c', 'd');
INSERT INTO `statisticsinfo` VALUES (398, '2023-07-08', 2, 60, 50, 2, 1, 1, 1, 2, 'a', 'b', 'c', 'd');
INSERT INTO `statisticsinfo` VALUES (399, '2023-07-07', 1, 60, 50, 2, 1, 1, 1, 2, 'a', 'b', 'c', 'd');
INSERT INTO `statisticsinfo` VALUES (400, '2023-07-08', 2, 60, 50, 2, 1, 1, 1, 2, 'a', 'b', 'c', 'd');
INSERT INTO `statisticsinfo` VALUES (401, '2023-07-08', 2, 60, 50, 2, 1, 1, 1, 1, 'a', 'b', 'c', 'd');
INSERT INTO `statisticsinfo` VALUES (402, '2023-07-07', 1, 60, 50, 2, 1, 1, 1, 2, 'a', 'b', 'c', 'd');
INSERT INTO `statisticsinfo` VALUES (403, '2023-07-07', 1, 60, 50, 2, 1, 1, 1, 3, 'a', 'b', 'c', 'd');
INSERT INTO `statisticsinfo` VALUES (404, '2023-07-07', 1, 60, 50, 2, 1, 1, 1, 3, 'a', 'b', 'c', 'd');
INSERT INTO `statisticsinfo` VALUES (405, '2023-07-08', 2, 60, 50, 2, 1, 1, 1, 3, 'a', 'b', 'c', 'd');
INSERT INTO `statisticsinfo` VALUES (406, '2023-07-08', 2, 60, 50, 2, 1, 1, 1, 1, 'a', 'b', 'c', 'd');
INSERT INTO `statisticsinfo` VALUES (407, '2023-07-07', 1, 60, 50, 2, 1, 1, 1, 2, 'a', 'b', 'c', 'd');
INSERT INTO `statisticsinfo` VALUES (408, '2023-07-08', 2, 60, 50, 2, 1, 1, 1, 2, 'a', 'b', 'c', 'd');
INSERT INTO `statisticsinfo` VALUES (409, '2023-07-07', 1, 60, 50, 2, 1, 1, 1, 3, 'a', 'b', 'c', 'd');
INSERT INTO `statisticsinfo` VALUES (410, '2023-07-08', 2, 60, 50, 2, 1, 1, 1, 1, 'a', 'b', 'c', 'd');
INSERT INTO `statisticsinfo` VALUES (411, '2023-07-08', 2, 60, 50, 2, 1, 1, 1, 1, 'a', 'b', 'c', 'd');
INSERT INTO `statisticsinfo` VALUES (412, '2023-07-07', 1, 60, 50, 2, 1, 1, 1, 3, 'a', 'b', 'c', 'd');
INSERT INTO `statisticsinfo` VALUES (413, '2023-07-08', 2, 60, 50, 2, 1, 1, 1, 3, 'a', 'b', 'c', 'd');
INSERT INTO `statisticsinfo` VALUES (414, '2023-07-08', 2, 60, 50, 2, 1, 1, 1, 1, 'a', 'b', 'c', 'd');
INSERT INTO `statisticsinfo` VALUES (415, '2023-07-07', 1, 60, 50, 2, 1, 1, 1, 3, 'a', 'b', 'c', 'd');
INSERT INTO `statisticsinfo` VALUES (416, '2023-07-07', 1, 60, 50, 2, 1, 1, 1, 3, 'a', 'b', 'c', 'd');
INSERT INTO `statisticsinfo` VALUES (417, '2023-07-08', 2, 60, 50, 2, 1, 1, 1, 3, 'a', 'b', 'c', 'd');
INSERT INTO `statisticsinfo` VALUES (418, '2023-07-08', 2, 60, 50, 2, 1, 1, 1, 1, 'a', 'b', 'c', 'd');
INSERT INTO `statisticsinfo` VALUES (419, '2023-07-07', 1, 60, 50, 2, 1, 1, 1, 2, 'a', 'b', 'c', 'd');
INSERT INTO `statisticsinfo` VALUES (420, '2023-07-08', 2, 60, 50, 2, 1, 1, 1, 1, 'a', 'b', 'c', 'd');
INSERT INTO `statisticsinfo` VALUES (421, '2023-07-08', 2, 60, 50, 2, 1, 1, 1, 2, 'a', 'b', 'c', 'd');
INSERT INTO `statisticsinfo` VALUES (422, '2023-07-07', 1, 60, 50, 2, 1, 1, 1, 3, 'a', 'b', 'c', 'd');
INSERT INTO `statisticsinfo` VALUES (423, '2023-07-08', 2, 60, 50, 2, 1, 1, 1, 2, 'a', 'b', 'c', 'd');
INSERT INTO `statisticsinfo` VALUES (424, '2023-07-07', 1, 60, 50, 2, 1, 1, 1, 1, 'a', 'b', 'c', 'd');
INSERT INTO `statisticsinfo` VALUES (425, '2023-07-08', 2, 60, 50, 2, 1, 1, 1, 1, 'a', 'b', 'c', 'd');
INSERT INTO `statisticsinfo` VALUES (426, '2023-07-08', 2, 60, 50, 2, 1, 1, 1, 2, 'a', 'b', 'c', 'd');
INSERT INTO `statisticsinfo` VALUES (427, '2023-07-07', 1, 60, 50, 2, 1, 1, 1, 2, 'a', 'b', 'c', 'd');
INSERT INTO `statisticsinfo` VALUES (428, '2023-07-08', 2, 60, 50, 2, 1, 1, 1, 1, 'a', 'b', 'c', 'd');
INSERT INTO `statisticsinfo` VALUES (429, '2023-07-08', 2, 60, 50, 2, 1, 1, 1, 1, 'a', 'b', 'c', 'd');
INSERT INTO `statisticsinfo` VALUES (430, '2023-07-08', 2, 60, 50, 2, 1, 1, 1, 2, 'a', 'b', 'c', 'd');
INSERT INTO `statisticsinfo` VALUES (431, '2023-07-08', 2, 60, 50, 2, 1, 1, 1, 3, 'a', 'b', 'c', 'd');
INSERT INTO `statisticsinfo` VALUES (432, '2023-07-08', 2, 60, 50, 2, 1, 1, 1, 1, 'a', 'b', 'c', 'd');
INSERT INTO `statisticsinfo` VALUES (433, '2023-07-08', 2, 60, 50, 2, 1, 1, 1, 2, 'a', 'b', 'c', 'd');
INSERT INTO `statisticsinfo` VALUES (434, '2023-07-08', 2, 60, 50, 2, 1, 1, 1, 1, 'a', 'b', 'c', 'd');
INSERT INTO `statisticsinfo` VALUES (435, '2023-07-07', 1, 60, 50, 2, 1, 1, 1, 3, 'a', 'b', 'c', 'd');
INSERT INTO `statisticsinfo` VALUES (436, '2023-07-07', 1, 60, 50, 2, 1, 1, 1, 2, 'a', 'b', 'c', 'd');
INSERT INTO `statisticsinfo` VALUES (437, '2023-07-07', 1, 60, 50, 2, 1, 1, 1, 2, 'a', 'b', 'c', 'd');
INSERT INTO `statisticsinfo` VALUES (438, '2023-07-07', 1, 60, 50, 2, 1, 1, 1, 3, 'a', 'b', 'c', 'd');
INSERT INTO `statisticsinfo` VALUES (439, '2023-07-08', 2, 60, 50, 2, 1, 1, 1, 3, 'a', 'b', 'c', 'd');
INSERT INTO `statisticsinfo` VALUES (440, '2023-07-08', 2, 60, 50, 2, 1, 1, 1, 1, 'a', 'b', 'c', 'd');
INSERT INTO `statisticsinfo` VALUES (441, '2023-07-07', 1, 60, 50, 2, 1, 1, 1, 2, 'a', 'b', 'c', 'd');
INSERT INTO `statisticsinfo` VALUES (442, '2023-07-08', 2, 60, 50, 2, 1, 1, 1, 2, 'a', 'b', 'c', 'd');
INSERT INTO `statisticsinfo` VALUES (443, '2023-07-08', 2, 60, 50, 2, 1, 1, 1, 3, 'a', 'b', 'c', 'd');
INSERT INTO `statisticsinfo` VALUES (444, '2023-07-07', 1, 60, 50, 2, 1, 1, 1, 2, 'a', 'b', 'c', 'd');
INSERT INTO `statisticsinfo` VALUES (445, '2023-07-08', 2, 60, 50, 2, 1, 1, 1, 1, 'a', 'b', 'c', 'd');
INSERT INTO `statisticsinfo` VALUES (446, '2023-07-08', 2, 60, 50, 2, 1, 1, 1, 3, 'a', 'b', 'c', 'd');
INSERT INTO `statisticsinfo` VALUES (447, '2023-07-08', 2, 60, 50, 2, 1, 1, 1, 3, 'a', 'b', 'c', 'd');
INSERT INTO `statisticsinfo` VALUES (448, '2023-07-08', 2, 60, 50, 2, 1, 1, 1, 3, 'a', 'b', 'c', 'd');
INSERT INTO `statisticsinfo` VALUES (449, '2023-07-08', 2, 60, 50, 2, 1, 1, 1, 2, 'a', 'b', 'c', 'd');
INSERT INTO `statisticsinfo` VALUES (450, '2023-07-08', 2, 60, 50, 2, 1, 1, 1, 2, 'a', 'b', 'c', 'd');
INSERT INTO `statisticsinfo` VALUES (451, '2023-07-08', 2, 60, 50, 2, 1, 1, 1, 3, 'a', 'b', 'c', 'd');
INSERT INTO `statisticsinfo` VALUES (452, '2023-07-07', 1, 60, 50, 2, 1, 1, 1, 2, 'a', 'b', 'c', 'd');
INSERT INTO `statisticsinfo` VALUES (453, '2023-07-08', 2, 60, 50, 2, 1, 1, 1, 2, 'a', 'b', 'c', 'd');
INSERT INTO `statisticsinfo` VALUES (454, '2023-07-08', 2, 60, 50, 2, 1, 1, 1, 2, 'a', 'b', 'c', 'd');
INSERT INTO `statisticsinfo` VALUES (455, '2023-07-07', 1, 60, 50, 2, 1, 1, 1, 3, 'a', 'b', 'c', 'd');
INSERT INTO `statisticsinfo` VALUES (456, '2023-07-07', 1, 60, 50, 2, 1, 1, 1, 3, 'a', 'b', 'c', 'd');
INSERT INTO `statisticsinfo` VALUES (457, '2023-07-07', 1, 60, 50, 2, 1, 1, 1, 2, 'a', 'b', 'c', 'd');
INSERT INTO `statisticsinfo` VALUES (458, '2023-07-07', 1, 60, 50, 2, 1, 1, 1, 3, 'a', 'b', 'c', 'd');
INSERT INTO `statisticsinfo` VALUES (459, '2023-07-07', 1, 60, 50, 2, 1, 1, 1, 2, 'a', 'b', 'c', 'd');
INSERT INTO `statisticsinfo` VALUES (460, '2023-07-08', 2, 60, 50, 2, 1, 1, 1, 3, 'a', 'b', 'c', 'd');
INSERT INTO `statisticsinfo` VALUES (461, '2023-07-07', 1, 60, 50, 2, 1, 1, 1, 1, 'a', 'b', 'c', 'd');
INSERT INTO `statisticsinfo` VALUES (462, '2023-07-07', 1, 60, 50, 2, 1, 1, 1, 2, 'a', 'b', 'c', 'd');
INSERT INTO `statisticsinfo` VALUES (463, '2023-07-08', 2, 60, 50, 2, 1, 1, 1, 3, 'a', 'b', 'c', 'd');
INSERT INTO `statisticsinfo` VALUES (464, '2023-07-08', 2, 60, 50, 2, 1, 1, 1, 3, 'a', 'b', 'c', 'd');
INSERT INTO `statisticsinfo` VALUES (465, '2023-07-07', 1, 60, 50, 2, 1, 1, 1, 2, 'a', 'b', 'c', 'd');
INSERT INTO `statisticsinfo` VALUES (466, '2023-07-08', 2, 60, 50, 2, 1, 1, 1, 2, 'a', 'b', 'c', 'd');
INSERT INTO `statisticsinfo` VALUES (467, '2023-07-08', 2, 60, 50, 2, 1, 1, 1, 1, 'a', 'b', 'c', 'd');
INSERT INTO `statisticsinfo` VALUES (468, '2023-07-08', 2, 60, 50, 2, 1, 1, 1, 2, 'a', 'b', 'c', 'd');
INSERT INTO `statisticsinfo` VALUES (469, '2023-07-08', 2, 60, 50, 2, 1, 1, 1, 3, 'a', 'b', 'c', 'd');
INSERT INTO `statisticsinfo` VALUES (470, '2023-07-08', 2, 60, 50, 2, 1, 1, 1, 3, 'a', 'b', 'c', 'd');
INSERT INTO `statisticsinfo` VALUES (471, '2023-07-08', 2, 60, 50, 2, 1, 1, 1, 2, 'a', 'b', 'c', 'd');
INSERT INTO `statisticsinfo` VALUES (472, '2023-07-08', 2, 60, 50, 2, 1, 1, 1, 3, 'a', 'b', 'c', 'd');
INSERT INTO `statisticsinfo` VALUES (473, '2023-07-07', 1, 60, 50, 2, 1, 1, 1, 2, 'a', 'b', 'c', 'd');
INSERT INTO `statisticsinfo` VALUES (474, '2023-07-08', 2, 60, 50, 2, 1, 1, 1, 1, 'a', 'b', 'c', 'd');
INSERT INTO `statisticsinfo` VALUES (475, '2023-07-07', 1, 60, 50, 2, 1, 1, 1, 1, 'a', 'b', 'c', 'd');
INSERT INTO `statisticsinfo` VALUES (476, '2023-07-08', 2, 60, 50, 2, 1, 1, 1, 2, 'a', 'b', 'c', 'd');
INSERT INTO `statisticsinfo` VALUES (477, '2023-07-08', 2, 60, 50, 2, 1, 1, 1, 2, 'a', 'b', 'c', 'd');
INSERT INTO `statisticsinfo` VALUES (478, '2023-07-07', 1, 60, 50, 2, 1, 1, 1, 3, 'a', 'b', 'c', 'd');
INSERT INTO `statisticsinfo` VALUES (479, '2023-07-07', 1, 60, 50, 2, 1, 1, 1, 1, 'a', 'b', 'c', 'd');
INSERT INTO `statisticsinfo` VALUES (480, '2023-07-07', 1, 60, 50, 2, 1, 1, 1, 2, 'a', 'b', 'c', 'd');
INSERT INTO `statisticsinfo` VALUES (481, '2023-07-08', 2, 60, 50, 2, 1, 1, 1, 3, 'a', 'b', 'c', 'd');
INSERT INTO `statisticsinfo` VALUES (482, '2023-07-08', 2, 60, 50, 2, 1, 1, 1, 3, 'a', 'b', 'c', 'd');
INSERT INTO `statisticsinfo` VALUES (483, '2023-07-08', 2, 60, 50, 2, 1, 1, 1, 2, 'a', 'b', 'c', 'd');
INSERT INTO `statisticsinfo` VALUES (484, '2023-07-07', 1, 60, 50, 2, 1, 1, 1, 3, 'a', 'b', 'c', 'd');
INSERT INTO `statisticsinfo` VALUES (485, '2023-07-08', 2, 60, 50, 2, 1, 1, 1, 2, 'a', 'b', 'c', 'd');
INSERT INTO `statisticsinfo` VALUES (486, '2023-07-08', 2, 60, 50, 2, 1, 1, 1, 2, 'a', 'b', 'c', 'd');
INSERT INTO `statisticsinfo` VALUES (487, '2023-07-08', 2, 60, 50, 2, 1, 1, 1, 3, 'a', 'b', 'c', 'd');
INSERT INTO `statisticsinfo` VALUES (488, '2023-07-08', 2, 60, 50, 2, 1, 1, 1, 1, 'a', 'b', 'c', 'd');
INSERT INTO `statisticsinfo` VALUES (489, '2023-07-08', 2, 60, 50, 2, 1, 1, 1, 3, 'a', 'b', 'c', 'd');
INSERT INTO `statisticsinfo` VALUES (490, '2023-07-08', 2, 60, 50, 2, 1, 1, 1, 3, 'a', 'b', 'c', 'd');
INSERT INTO `statisticsinfo` VALUES (491, '2023-07-08', 2, 60, 50, 2, 1, 1, 1, 2, 'a', 'b', 'c', 'd');
INSERT INTO `statisticsinfo` VALUES (492, '2023-07-07', 1, 60, 50, 2, 1, 1, 1, 1, 'a', 'b', 'c', 'd');
INSERT INTO `statisticsinfo` VALUES (493, '2023-07-08', 2, 60, 50, 2, 1, 1, 1, 2, 'a', 'b', 'c', 'd');
INSERT INTO `statisticsinfo` VALUES (494, '2023-07-07', 1, 60, 50, 2, 1, 1, 1, 1, 'a', 'b', 'c', 'd');
INSERT INTO `statisticsinfo` VALUES (495, '2023-07-07', 1, 60, 50, 2, 1, 1, 1, 3, 'a', 'b', 'c', 'd');
INSERT INTO `statisticsinfo` VALUES (496, '2023-07-08', 2, 60, 50, 2, 1, 1, 1, 3, 'a', 'b', 'c', 'd');
INSERT INTO `statisticsinfo` VALUES (497, '2023-07-07', 1, 60, 50, 2, 1, 1, 1, 2, 'a', 'b', 'c', 'd');
INSERT INTO `statisticsinfo` VALUES (498, '2023-07-08', 2, 60, 50, 2, 1, 1, 1, 3, 'a', 'b', 'c', 'd');
INSERT INTO `statisticsinfo` VALUES (499, '2023-07-07', 1, 60, 50, 2, 1, 1, 1, 2, 'a', 'b', 'c', 'd');
INSERT INTO `statisticsinfo` VALUES (500, '2023-07-08', 2, 60, 50, 2, 1, 1, 1, 2, 'a', 'b', 'c', 'd');
INSERT INTO `statisticsinfo` VALUES (501, '2023-07-08', 2, 60, 50, 2, 1, 1, 1, 3, 'a', 'b', 'c', 'd');
INSERT INTO `statisticsinfo` VALUES (502, '2023-07-08', 2, 60, 50, 2, 1, 1, 1, 2, 'a', 'b', 'c', 'd');
INSERT INTO `statisticsinfo` VALUES (503, '2023-07-07', 1, 60, 50, 2, 1, 1, 1, 1, 'a', 'b', 'c', 'd');
INSERT INTO `statisticsinfo` VALUES (504, '2023-07-08', 2, 60, 50, 2, 1, 1, 1, 3, 'a', 'b', 'c', 'd');
INSERT INTO `statisticsinfo` VALUES (505, '2023-07-08', 2, 60, 50, 2, 1, 1, 1, 2, 'a', 'b', 'c', 'd');
INSERT INTO `statisticsinfo` VALUES (506, '2023-07-07', 1, 60, 50, 2, 1, 1, 1, 2, 'a', 'b', 'c', 'd');
INSERT INTO `statisticsinfo` VALUES (507, '2023-07-08', 2, 60, 50, 2, 1, 1, 1, 2, 'a', 'b', 'c', 'd');
INSERT INTO `statisticsinfo` VALUES (508, '2023-07-07', 1, 60, 50, 2, 1, 1, 1, 3, 'a', 'b', 'c', 'd');
INSERT INTO `statisticsinfo` VALUES (509, '2023-07-07', 1, 60, 50, 2, 1, 1, 1, 3, 'a', 'b', 'c', 'd');
INSERT INTO `statisticsinfo` VALUES (510, '2023-07-08', 2, 60, 50, 2, 1, 1, 1, 3, 'a', 'b', 'c', 'd');
INSERT INTO `statisticsinfo` VALUES (511, '2023-07-07', 1, 60, 50, 2, 1, 1, 1, 2, 'a', 'b', 'c', 'd');
INSERT INTO `statisticsinfo` VALUES (512, '2023-07-08', 2, 60, 50, 2, 1, 1, 1, 3, 'a', 'b', 'c', 'd');
INSERT INTO `statisticsinfo` VALUES (513, '2023-07-08', 2, 60, 50, 2, 1, 1, 1, 2, 'a', 'b', 'c', 'd');
INSERT INTO `statisticsinfo` VALUES (514, '2023-07-07', 1, 60, 50, 2, 1, 1, 1, 2, 'a', 'b', 'c', 'd');
INSERT INTO `statisticsinfo` VALUES (515, '2023-07-07', 1, 60, 50, 2, 1, 1, 1, 3, 'a', 'b', 'c', 'd');
INSERT INTO `statisticsinfo` VALUES (516, '2023-07-07', 1, 60, 50, 2, 1, 1, 1, 2, 'a', 'b', 'c', 'd');
INSERT INTO `statisticsinfo` VALUES (517, '2023-07-07', 1, 60, 50, 2, 1, 1, 1, 3, 'a', 'b', 'c', 'd');
INSERT INTO `statisticsinfo` VALUES (518, '2023-07-08', 2, 60, 50, 2, 1, 1, 1, 2, 'a', 'b', 'c', 'd');
INSERT INTO `statisticsinfo` VALUES (519, '2023-07-08', 2, 60, 50, 2, 1, 1, 1, 3, 'a', 'b', 'c', 'd');
INSERT INTO `statisticsinfo` VALUES (520, '2023-07-08', 2, 60, 50, 2, 1, 1, 1, 1, 'a', 'b', 'c', 'd');
INSERT INTO `statisticsinfo` VALUES (521, '2023-07-07', 1, 60, 50, 2, 1, 1, 1, 3, 'a', 'b', 'c', 'd');
INSERT INTO `statisticsinfo` VALUES (522, '2023-07-08', 2, 60, 50, 2, 1, 1, 1, 2, 'a', 'b', 'c', 'd');
INSERT INTO `statisticsinfo` VALUES (523, '2023-07-07', 1, 60, 50, 2, 1, 1, 1, 1, 'a', 'b', 'c', 'd');
INSERT INTO `statisticsinfo` VALUES (524, '2023-07-08', 2, 60, 50, 2, 1, 1, 1, 2, 'a', 'b', 'c', 'd');
INSERT INTO `statisticsinfo` VALUES (525, '2023-07-08', 2, 60, 50, 2, 1, 1, 1, 1, 'a', 'b', 'c', 'd');
INSERT INTO `statisticsinfo` VALUES (526, '2023-07-07', 1, 60, 50, 2, 1, 1, 1, 2, 'a', 'b', 'c', 'd');
INSERT INTO `statisticsinfo` VALUES (527, '2023-07-07', 1, 60, 50, 2, 1, 1, 1, 1, 'a', 'b', 'c', 'd');
INSERT INTO `statisticsinfo` VALUES (528, '2023-07-08', 2, 60, 50, 2, 1, 1, 1, 1, 'a', 'b', 'c', 'd');
INSERT INTO `statisticsinfo` VALUES (529, '2023-07-08', 2, 60, 50, 2, 1, 1, 1, 3, 'a', 'b', 'c', 'd');
INSERT INTO `statisticsinfo` VALUES (530, '2023-07-07', 1, 60, 50, 2, 1, 1, 1, 2, 'a', 'b', 'c', 'd');
INSERT INTO `statisticsinfo` VALUES (531, '2023-07-08', 2, 60, 50, 2, 1, 1, 1, 1, 'a', 'b', 'c', 'd');
INSERT INTO `statisticsinfo` VALUES (532, '2023-07-08', 2, 60, 50, 2, 1, 1, 1, 3, 'a', 'b', 'c', 'd');
INSERT INTO `statisticsinfo` VALUES (533, '2023-07-08', 2, 60, 50, 2, 1, 1, 1, 3, 'a', 'b', 'c', 'd');
INSERT INTO `statisticsinfo` VALUES (534, '2023-07-08', 2, 60, 50, 2, 1, 1, 1, 2, 'a', 'b', 'c', 'd');
INSERT INTO `statisticsinfo` VALUES (535, '2023-07-08', 2, 60, 50, 2, 1, 1, 1, 1, 'a', 'b', 'c', 'd');
INSERT INTO `statisticsinfo` VALUES (536, '2023-07-07', 1, 60, 50, 2, 1, 1, 1, 1, 'a', 'b', 'c', 'd');
INSERT INTO `statisticsinfo` VALUES (537, '2023-07-07', 1, 60, 50, 2, 1, 1, 1, 1, 'a', 'b', 'c', 'd');
INSERT INTO `statisticsinfo` VALUES (538, '2023-07-08', 2, 60, 50, 2, 1, 1, 1, 1, 'a', 'b', 'c', 'd');
INSERT INTO `statisticsinfo` VALUES (539, '2023-07-08', 2, 60, 50, 2, 1, 1, 1, 1, 'a', 'b', 'c', 'd');
INSERT INTO `statisticsinfo` VALUES (540, '2023-07-07', 1, 60, 50, 2, 1, 1, 1, 2, 'a', 'b', 'c', 'd');
INSERT INTO `statisticsinfo` VALUES (541, '2023-07-08', 2, 60, 50, 2, 1, 1, 1, 1, 'a', 'b', 'c', 'd');
INSERT INTO `statisticsinfo` VALUES (542, '2023-07-08', 2, 60, 50, 2, 1, 1, 1, 3, 'a', 'b', 'c', 'd');
INSERT INTO `statisticsinfo` VALUES (543, '2023-07-08', 2, 60, 50, 2, 1, 1, 1, 2, 'a', 'b', 'c', 'd');
INSERT INTO `statisticsinfo` VALUES (544, '2023-07-07', 1, 60, 50, 2, 1, 1, 1, 3, 'a', 'b', 'c', 'd');
INSERT INTO `statisticsinfo` VALUES (545, '2023-07-08', 2, 60, 50, 2, 1, 1, 1, 1, 'a', 'b', 'c', 'd');
INSERT INTO `statisticsinfo` VALUES (546, '2023-07-07', 1, 60, 50, 2, 1, 1, 1, 1, 'a', 'b', 'c', 'd');
INSERT INTO `statisticsinfo` VALUES (547, '2023-07-07', 1, 60, 50, 2, 1, 1, 1, 1, 'a', 'b', 'c', 'd');
INSERT INTO `statisticsinfo` VALUES (548, '2023-07-07', 1, 60, 50, 2, 1, 1, 1, 1, 'a', 'b', 'c', 'd');
INSERT INTO `statisticsinfo` VALUES (549, '2023-07-07', 1, 60, 50, 2, 1, 1, 1, 1, 'a', 'b', 'c', 'd');
INSERT INTO `statisticsinfo` VALUES (550, '2023-07-07', 1, 60, 50, 2, 1, 1, 1, 3, 'a', 'b', 'c', 'd');
INSERT INTO `statisticsinfo` VALUES (551, '2023-07-07', 1, 60, 50, 2, 1, 1, 1, 3, 'a', 'b', 'c', 'd');
INSERT INTO `statisticsinfo` VALUES (552, '2023-07-07', 1, 60, 50, 2, 1, 1, 1, 3, 'a', 'b', 'c', 'd');
INSERT INTO `statisticsinfo` VALUES (553, '2023-07-08', 2, 60, 50, 2, 1, 1, 1, 2, 'a', 'b', 'c', 'd');
INSERT INTO `statisticsinfo` VALUES (554, '2023-07-07', 1, 60, 50, 2, 1, 1, 1, 3, 'a', 'b', 'c', 'd');
INSERT INTO `statisticsinfo` VALUES (555, '2023-07-07', 1, 60, 50, 2, 1, 1, 1, 2, 'a', 'b', 'c', 'd');
INSERT INTO `statisticsinfo` VALUES (556, '2023-07-07', 1, 60, 50, 2, 1, 1, 1, 1, 'a', 'b', 'c', 'd');
INSERT INTO `statisticsinfo` VALUES (557, '2023-07-07', 1, 60, 50, 2, 1, 1, 1, 3, 'a', 'b', 'c', 'd');
INSERT INTO `statisticsinfo` VALUES (558, '2023-07-07', 1, 60, 50, 2, 1, 1, 1, 1, 'a', 'b', 'c', 'd');
INSERT INTO `statisticsinfo` VALUES (559, '2023-07-07', 1, 60, 50, 2, 1, 1, 1, 3, 'a', 'b', 'c', 'd');
INSERT INTO `statisticsinfo` VALUES (560, '2023-07-07', 1, 60, 50, 2, 1, 1, 1, 2, 'a', 'b', 'c', 'd');
INSERT INTO `statisticsinfo` VALUES (561, '2023-07-07', 1, 60, 50, 2, 1, 1, 1, 2, 'a', 'b', 'c', 'd');
INSERT INTO `statisticsinfo` VALUES (562, '2023-07-07', 1, 60, 50, 2, 1, 1, 1, 1, 'a', 'b', 'c', 'd');
INSERT INTO `statisticsinfo` VALUES (563, '2023-07-07', 1, 60, 50, 2, 1, 1, 1, 2, 'a', 'b', 'c', 'd');
INSERT INTO `statisticsinfo` VALUES (564, '2023-07-08', 2, 60, 50, 2, 1, 1, 1, 3, 'a', 'b', 'c', 'd');
INSERT INTO `statisticsinfo` VALUES (565, '2023-07-08', 2, 60, 50, 2, 1, 1, 1, 3, 'a', 'b', 'c', 'd');
INSERT INTO `statisticsinfo` VALUES (566, '2023-07-07', 1, 60, 50, 2, 1, 1, 1, 2, 'a', 'b', 'c', 'd');
INSERT INTO `statisticsinfo` VALUES (567, '2023-07-07', 1, 60, 50, 2, 1, 1, 1, 2, 'a', 'b', 'c', 'd');
INSERT INTO `statisticsinfo` VALUES (568, '2023-07-07', 1, 60, 50, 2, 1, 1, 1, 1, 'a', 'b', 'c', 'd');
INSERT INTO `statisticsinfo` VALUES (569, '2023-07-07', 1, 60, 50, 2, 1, 1, 1, 2, 'a', 'b', 'c', 'd');
INSERT INTO `statisticsinfo` VALUES (570, '2023-07-07', 1, 60, 50, 2, 1, 1, 1, 2, 'a', 'b', 'c', 'd');
INSERT INTO `statisticsinfo` VALUES (571, '2023-07-08', 2, 60, 50, 2, 1, 1, 1, 3, 'a', 'b', 'c', 'd');
INSERT INTO `statisticsinfo` VALUES (572, '2023-07-07', 1, 60, 50, 2, 1, 1, 1, 3, 'a', 'b', 'c', 'd');
INSERT INTO `statisticsinfo` VALUES (573, '2023-07-07', 1, 60, 50, 2, 1, 1, 1, 2, 'a', 'b', 'c', 'd');
INSERT INTO `statisticsinfo` VALUES (574, '2023-07-08', 2, 60, 50, 2, 1, 1, 1, 3, 'a', 'b', 'c', 'd');
INSERT INTO `statisticsinfo` VALUES (575, '2023-07-07', 1, 60, 50, 2, 1, 1, 1, 3, 'a', 'b', 'c', 'd');
INSERT INTO `statisticsinfo` VALUES (576, '2023-07-08', 2, 60, 50, 2, 1, 1, 1, 3, 'a', 'b', 'c', 'd');
INSERT INTO `statisticsinfo` VALUES (577, '2023-07-07', 1, 60, 50, 2, 1, 1, 1, 2, 'a', 'b', 'c', 'd');
INSERT INTO `statisticsinfo` VALUES (578, '2023-07-07', 1, 60, 50, 2, 1, 1, 1, 1, 'a', 'b', 'c', 'd');
INSERT INTO `statisticsinfo` VALUES (579, '2023-07-07', 1, 60, 50, 2, 1, 1, 1, 3, 'a', 'b', 'c', 'd');
INSERT INTO `statisticsinfo` VALUES (580, '2023-07-08', 2, 60, 50, 2, 1, 1, 1, 2, 'a', 'b', 'c', 'd');
INSERT INTO `statisticsinfo` VALUES (581, '2023-07-08', 2, 60, 50, 2, 1, 1, 1, 1, 'a', 'b', 'c', 'd');
INSERT INTO `statisticsinfo` VALUES (582, '2023-07-07', 1, 60, 50, 2, 1, 1, 1, 3, 'a', 'b', 'c', 'd');
INSERT INTO `statisticsinfo` VALUES (583, '2023-07-08', 2, 60, 50, 2, 1, 1, 1, 3, 'a', 'b', 'c', 'd');
INSERT INTO `statisticsinfo` VALUES (584, '2023-07-08', 2, 60, 50, 2, 1, 1, 1, 2, 'a', 'b', 'c', 'd');
INSERT INTO `statisticsinfo` VALUES (585, '2023-07-07', 1, 60, 50, 2, 1, 1, 1, 3, 'a', 'b', 'c', 'd');
INSERT INTO `statisticsinfo` VALUES (586, '2023-07-07', 1, 60, 50, 2, 1, 1, 1, 2, 'a', 'b', 'c', 'd');
INSERT INTO `statisticsinfo` VALUES (587, '2023-07-07', 1, 60, 50, 2, 1, 1, 1, 2, 'a', 'b', 'c', 'd');
INSERT INTO `statisticsinfo` VALUES (588, '2023-07-07', 1, 60, 50, 2, 1, 1, 1, 3, 'a', 'b', 'c', 'd');
INSERT INTO `statisticsinfo` VALUES (589, '2023-07-08', 2, 60, 50, 2, 1, 1, 1, 2, 'a', 'b', 'c', 'd');
INSERT INTO `statisticsinfo` VALUES (590, '2023-07-07', 1, 60, 50, 2, 1, 1, 1, 1, 'a', 'b', 'c', 'd');
INSERT INTO `statisticsinfo` VALUES (591, '2023-07-08', 2, 60, 50, 2, 1, 1, 1, 3, 'a', 'b', 'c', 'd');
INSERT INTO `statisticsinfo` VALUES (592, '2023-07-08', 2, 60, 50, 2, 1, 1, 1, 3, 'a', 'b', 'c', 'd');
INSERT INTO `statisticsinfo` VALUES (593, '2023-07-08', 2, 60, 50, 2, 1, 1, 1, 1, 'a', 'b', 'c', 'd');
INSERT INTO `statisticsinfo` VALUES (594, '2023-07-08', 2, 60, 50, 2, 1, 1, 1, 1, 'a', 'b', 'c', 'd');
INSERT INTO `statisticsinfo` VALUES (595, '2023-07-07', 1, 60, 50, 2, 1, 1, 1, 2, 'a', 'b', 'c', 'd');
INSERT INTO `statisticsinfo` VALUES (596, '2023-07-08', 2, 60, 50, 2, 1, 1, 1, 2, 'a', 'b', 'c', 'd');
INSERT INTO `statisticsinfo` VALUES (597, '2023-07-08', 2, 60, 50, 2, 1, 1, 1, 3, 'a', 'b', 'c', 'd');
INSERT INTO `statisticsinfo` VALUES (598, '2023-07-08', 2, 60, 50, 2, 1, 1, 1, 1, 'a', 'b', 'c', 'd');
INSERT INTO `statisticsinfo` VALUES (599, '2023-07-07', 1, 60, 50, 2, 1, 1, 1, 2, 'a', 'b', 'c', 'd');
INSERT INTO `statisticsinfo` VALUES (600, '2023-07-07', 1, 60, 50, 2, 1, 1, 1, 3, 'a', 'b', 'c', 'd');
INSERT INTO `statisticsinfo` VALUES (601, '2023-07-08', 2, 60, 50, 2, 1, 1, 1, 3, 'a', 'b', 'c', 'd');
INSERT INTO `statisticsinfo` VALUES (602, '2023-07-08', 2, 60, 50, 2, 1, 1, 1, 3, 'a', 'b', 'c', 'd');
INSERT INTO `statisticsinfo` VALUES (603, '2023-07-08', 2, 60, 50, 2, 1, 1, 1, 2, 'a', 'b', 'c', 'd');
INSERT INTO `statisticsinfo` VALUES (604, '2023-07-08', 2, 60, 50, 2, 1, 1, 1, 1, 'a', 'b', 'c', 'd');
INSERT INTO `statisticsinfo` VALUES (605, '2023-07-08', 2, 60, 50, 2, 1, 1, 1, 2, 'a', 'b', 'c', 'd');
INSERT INTO `statisticsinfo` VALUES (606, '2023-07-07', 1, 60, 50, 2, 1, 1, 1, 1, 'a', 'b', 'c', 'd');
INSERT INTO `statisticsinfo` VALUES (607, '2023-07-08', 2, 60, 50, 2, 1, 1, 1, 2, 'a', 'b', 'c', 'd');
INSERT INTO `statisticsinfo` VALUES (608, '2023-07-08', 2, 60, 50, 2, 1, 1, 1, 1, 'a', 'b', 'c', 'd');
INSERT INTO `statisticsinfo` VALUES (609, '2023-07-08', 2, 60, 50, 2, 1, 1, 1, 2, 'a', 'b', 'c', 'd');
INSERT INTO `statisticsinfo` VALUES (610, '2023-07-08', 2, 60, 50, 2, 1, 1, 1, 3, 'a', 'b', 'c', 'd');
INSERT INTO `statisticsinfo` VALUES (611, '2023-07-07', 1, 60, 50, 2, 1, 1, 1, 3, 'a', 'b', 'c', 'd');
INSERT INTO `statisticsinfo` VALUES (612, '2023-07-08', 2, 60, 50, 2, 1, 1, 1, 3, 'a', 'b', 'c', 'd');
INSERT INTO `statisticsinfo` VALUES (613, '2023-07-08', 2, 60, 50, 2, 1, 1, 1, 1, 'a', 'b', 'c', 'd');
INSERT INTO `statisticsinfo` VALUES (614, '2023-07-07', 1, 60, 50, 2, 1, 1, 1, 3, 'a', 'b', 'c', 'd');
INSERT INTO `statisticsinfo` VALUES (615, '2023-07-08', 2, 60, 50, 2, 1, 1, 1, 2, 'a', 'b', 'c', 'd');
INSERT INTO `statisticsinfo` VALUES (616, '2023-07-08', 2, 60, 50, 2, 1, 1, 1, 1, 'a', 'b', 'c', 'd');
INSERT INTO `statisticsinfo` VALUES (617, '2023-07-08', 2, 60, 50, 2, 1, 1, 1, 3, 'a', 'b', 'c', 'd');
INSERT INTO `statisticsinfo` VALUES (618, '2023-07-07', 1, 60, 50, 2, 1, 1, 1, 3, 'a', 'b', 'c', 'd');
INSERT INTO `statisticsinfo` VALUES (619, '2023-07-08', 2, 60, 50, 2, 1, 1, 1, 3, 'a', 'b', 'c', 'd');
INSERT INTO `statisticsinfo` VALUES (620, '2023-07-08', 2, 60, 50, 2, 1, 1, 1, 2, 'a', 'b', 'c', 'd');
INSERT INTO `statisticsinfo` VALUES (621, '2023-07-07', 1, 60, 50, 2, 1, 1, 1, 2, 'a', 'b', 'c', 'd');
INSERT INTO `statisticsinfo` VALUES (622, '2023-07-08', 2, 60, 50, 2, 1, 1, 1, 1, 'a', 'b', 'c', 'd');
INSERT INTO `statisticsinfo` VALUES (623, '2023-07-07', 1, 60, 50, 2, 1, 1, 1, 1, 'a', 'b', 'c', 'd');
INSERT INTO `statisticsinfo` VALUES (624, '2023-07-08', 2, 60, 50, 2, 1, 1, 1, 1, 'a', 'b', 'c', 'd');
INSERT INTO `statisticsinfo` VALUES (625, '2023-07-07', 1, 60, 50, 2, 1, 1, 1, 2, 'a', 'b', 'c', 'd');
INSERT INTO `statisticsinfo` VALUES (626, '2023-07-08', 2, 60, 50, 2, 1, 1, 1, 3, 'a', 'b', 'c', 'd');
INSERT INTO `statisticsinfo` VALUES (627, '2023-07-08', 2, 60, 50, 2, 1, 1, 1, 3, 'a', 'b', 'c', 'd');
INSERT INTO `statisticsinfo` VALUES (628, '2023-07-08', 2, 60, 50, 2, 1, 1, 1, 3, 'a', 'b', 'c', 'd');
INSERT INTO `statisticsinfo` VALUES (629, '2023-07-07', 1, 60, 50, 2, 1, 1, 1, 3, 'a', 'b', 'c', 'd');
INSERT INTO `statisticsinfo` VALUES (630, '2023-07-08', 2, 60, 50, 2, 1, 1, 1, 2, 'a', 'b', 'c', 'd');
INSERT INTO `statisticsinfo` VALUES (631, '2023-07-08', 2, 60, 50, 2, 1, 1, 1, 1, 'a', 'b', 'c', 'd');
INSERT INTO `statisticsinfo` VALUES (632, '2023-07-07', 1, 60, 50, 2, 1, 1, 1, 3, 'a', 'b', 'c', 'd');
INSERT INTO `statisticsinfo` VALUES (633, '2023-07-08', 2, 60, 50, 2, 1, 1, 1, 1, 'a', 'b', 'c', 'd');
INSERT INTO `statisticsinfo` VALUES (634, '2023-07-07', 1, 60, 50, 2, 1, 1, 1, 2, 'a', 'b', 'c', 'd');
INSERT INTO `statisticsinfo` VALUES (635, '2023-07-08', 2, 60, 50, 2, 1, 1, 1, 2, 'a', 'b', 'c', 'd');
INSERT INTO `statisticsinfo` VALUES (636, '2023-07-07', 1, 60, 50, 2, 1, 1, 1, 3, 'a', 'b', 'c', 'd');
INSERT INTO `statisticsinfo` VALUES (637, '2023-07-07', 1, 60, 50, 2, 1, 1, 1, 2, 'a', 'b', 'c', 'd');
INSERT INTO `statisticsinfo` VALUES (638, '2023-07-07', 1, 60, 50, 2, 1, 1, 1, 3, 'a', 'b', 'c', 'd');
INSERT INTO `statisticsinfo` VALUES (639, '2023-07-08', 2, 60, 50, 2, 1, 1, 1, 1, 'a', 'b', 'c', 'd');
INSERT INTO `statisticsinfo` VALUES (640, '2023-07-08', 2, 60, 50, 2, 1, 1, 1, 1, 'a', 'b', 'c', 'd');
INSERT INTO `statisticsinfo` VALUES (641, '2023-07-07', 1, 60, 50, 2, 1, 1, 1, 3, 'a', 'b', 'c', 'd');
INSERT INTO `statisticsinfo` VALUES (642, '2023-07-07', 1, 60, 50, 2, 1, 1, 1, 2, 'a', 'b', 'c', 'd');
INSERT INTO `statisticsinfo` VALUES (643, '2023-07-08', 2, 60, 50, 2, 1, 1, 1, 2, 'a', 'b', 'c', 'd');
INSERT INTO `statisticsinfo` VALUES (644, '2023-07-07', 1, 60, 50, 2, 1, 1, 1, 2, 'a', 'b', 'c', 'd');
INSERT INTO `statisticsinfo` VALUES (645, '2023-07-07', 1, 60, 50, 2, 1, 1, 1, 2, 'a', 'b', 'c', 'd');
INSERT INTO `statisticsinfo` VALUES (646, '2023-07-07', 1, 60, 50, 2, 1, 1, 1, 3, 'a', 'b', 'c', 'd');
INSERT INTO `statisticsinfo` VALUES (647, '2023-07-08', 2, 60, 50, 2, 1, 1, 1, 2, 'a', 'b', 'c', 'd');
INSERT INTO `statisticsinfo` VALUES (648, '2023-07-08', 2, 60, 50, 2, 1, 1, 1, 1, 'a', 'b', 'c', 'd');
INSERT INTO `statisticsinfo` VALUES (649, '2023-07-08', 2, 60, 50, 2, 1, 1, 1, 1, 'a', 'b', 'c', 'd');
INSERT INTO `statisticsinfo` VALUES (650, '2023-07-07', 1, 60, 50, 2, 1, 1, 1, 1, 'a', 'b', 'c', 'd');
INSERT INTO `statisticsinfo` VALUES (651, '2023-07-08', 2, 60, 50, 2, 1, 1, 1, 1, 'a', 'b', 'c', 'd');
INSERT INTO `statisticsinfo` VALUES (652, '2023-07-08', 2, 60, 50, 2, 1, 1, 1, 2, 'a', 'b', 'c', 'd');
INSERT INTO `statisticsinfo` VALUES (653, '2023-07-07', 1, 60, 50, 2, 1, 1, 1, 3, 'a', 'b', 'c', 'd');
INSERT INTO `statisticsinfo` VALUES (654, '2023-07-08', 2, 60, 50, 2, 1, 1, 1, 2, 'a', 'b', 'c', 'd');
INSERT INTO `statisticsinfo` VALUES (655, '2023-07-08', 2, 60, 50, 2, 1, 1, 1, 1, 'a', 'b', 'c', 'd');
INSERT INTO `statisticsinfo` VALUES (656, '2023-07-08', 2, 60, 50, 2, 1, 1, 1, 2, 'a', 'b', 'c', 'd');
INSERT INTO `statisticsinfo` VALUES (657, '2023-07-08', 2, 60, 50, 2, 1, 1, 1, 1, 'a', 'b', 'c', 'd');
INSERT INTO `statisticsinfo` VALUES (658, '2023-07-08', 2, 60, 50, 2, 1, 1, 1, 3, 'a', 'b', 'c', 'd');
INSERT INTO `statisticsinfo` VALUES (659, '2023-07-08', 2, 60, 50, 2, 1, 1, 1, 3, 'a', 'b', 'c', 'd');
INSERT INTO `statisticsinfo` VALUES (660, '2023-07-07', 1, 60, 50, 2, 1, 1, 1, 2, 'a', 'b', 'c', 'd');
INSERT INTO `statisticsinfo` VALUES (661, '2023-07-08', 2, 60, 50, 2, 1, 1, 1, 1, 'a', 'b', 'c', 'd');
INSERT INTO `statisticsinfo` VALUES (662, '2023-07-07', 1, 60, 50, 2, 1, 1, 1, 1, 'a', 'b', 'c', 'd');
INSERT INTO `statisticsinfo` VALUES (663, '2023-07-07', 1, 60, 50, 2, 1, 1, 1, 1, 'a', 'b', 'c', 'd');
INSERT INTO `statisticsinfo` VALUES (664, '2023-07-07', 1, 60, 50, 2, 1, 1, 1, 3, 'a', 'b', 'c', 'd');
INSERT INTO `statisticsinfo` VALUES (665, '2023-07-07', 1, 60, 50, 2, 1, 1, 1, 3, 'a', 'b', 'c', 'd');
INSERT INTO `statisticsinfo` VALUES (666, '2023-07-08', 2, 60, 50, 2, 1, 1, 1, 1, 'a', 'b', 'c', 'd');
INSERT INTO `statisticsinfo` VALUES (667, '2023-07-07', 1, 60, 50, 2, 1, 1, 1, 3, 'a', 'b', 'c', 'd');
INSERT INTO `statisticsinfo` VALUES (668, '2023-07-08', 2, 60, 50, 2, 1, 1, 1, 3, 'a', 'b', 'c', 'd');
INSERT INTO `statisticsinfo` VALUES (669, '2023-07-07', 1, 60, 50, 2, 1, 1, 1, 2, 'a', 'b', 'c', 'd');
INSERT INTO `statisticsinfo` VALUES (670, '2023-07-07', 1, 60, 50, 2, 1, 1, 1, 2, 'a', 'b', 'c', 'd');
INSERT INTO `statisticsinfo` VALUES (671, '2023-07-07', 1, 60, 50, 2, 1, 1, 1, 2, 'a', 'b', 'c', 'd');
INSERT INTO `statisticsinfo` VALUES (672, '2023-07-07', 1, 60, 50, 2, 1, 1, 1, 1, 'a', 'b', 'c', 'd');
INSERT INTO `statisticsinfo` VALUES (673, '2023-07-07', 1, 60, 50, 2, 1, 1, 1, 2, 'a', 'b', 'c', 'd');
INSERT INTO `statisticsinfo` VALUES (674, '2023-07-08', 2, 60, 50, 2, 1, 1, 1, 2, 'a', 'b', 'c', 'd');
INSERT INTO `statisticsinfo` VALUES (675, '2023-07-07', 1, 60, 50, 2, 1, 1, 1, 3, 'a', 'b', 'c', 'd');
INSERT INTO `statisticsinfo` VALUES (676, '2023-07-08', 2, 60, 50, 2, 1, 1, 1, 1, 'a', 'b', 'c', 'd');
INSERT INTO `statisticsinfo` VALUES (677, '2023-07-08', 2, 60, 50, 2, 1, 1, 1, 2, 'a', 'b', 'c', 'd');
INSERT INTO `statisticsinfo` VALUES (678, '2023-07-08', 2, 60, 50, 2, 1, 1, 1, 3, 'a', 'b', 'c', 'd');
INSERT INTO `statisticsinfo` VALUES (679, '2023-07-08', 2, 60, 50, 2, 1, 1, 1, 1, 'a', 'b', 'c', 'd');
INSERT INTO `statisticsinfo` VALUES (680, '2023-07-08', 2, 60, 50, 2, 1, 1, 1, 1, 'a', 'b', 'c', 'd');
INSERT INTO `statisticsinfo` VALUES (681, '2023-07-08', 2, 60, 50, 2, 1, 1, 1, 2, 'a', 'b', 'c', 'd');
INSERT INTO `statisticsinfo` VALUES (682, '2023-07-08', 2, 60, 50, 2, 1, 1, 1, 2, 'a', 'b', 'c', 'd');
INSERT INTO `statisticsinfo` VALUES (683, '2023-07-07', 1, 60, 50, 2, 1, 1, 1, 3, 'a', 'b', 'c', 'd');
INSERT INTO `statisticsinfo` VALUES (684, '2023-07-07', 1, 60, 50, 2, 1, 1, 1, 1, 'a', 'b', 'c', 'd');
INSERT INTO `statisticsinfo` VALUES (685, '2023-07-07', 1, 60, 50, 2, 1, 1, 1, 3, 'a', 'b', 'c', 'd');
INSERT INTO `statisticsinfo` VALUES (686, '2023-07-07', 1, 60, 50, 2, 1, 1, 1, 3, 'a', 'b', 'c', 'd');
INSERT INTO `statisticsinfo` VALUES (687, '2023-07-07', 1, 60, 50, 2, 1, 1, 1, 2, 'a', 'b', 'c', 'd');
INSERT INTO `statisticsinfo` VALUES (688, '2023-07-07', 1, 60, 50, 2, 1, 1, 1, 3, 'a', 'b', 'c', 'd');
INSERT INTO `statisticsinfo` VALUES (689, '2023-07-07', 1, 60, 50, 2, 1, 1, 1, 3, 'a', 'b', 'c', 'd');
INSERT INTO `statisticsinfo` VALUES (690, '2023-07-08', 2, 60, 50, 2, 1, 1, 1, 3, 'a', 'b', 'c', 'd');
INSERT INTO `statisticsinfo` VALUES (691, '2023-07-08', 2, 60, 50, 2, 1, 1, 1, 2, 'a', 'b', 'c', 'd');
INSERT INTO `statisticsinfo` VALUES (692, '2023-07-08', 2, 60, 50, 2, 1, 1, 1, 1, 'a', 'b', 'c', 'd');
INSERT INTO `statisticsinfo` VALUES (693, '2023-07-08', 2, 60, 50, 2, 1, 1, 1, 1, 'a', 'b', 'c', 'd');
INSERT INTO `statisticsinfo` VALUES (694, '2023-07-08', 2, 60, 50, 2, 1, 1, 1, 1, 'a', 'b', 'c', 'd');
INSERT INTO `statisticsinfo` VALUES (695, '2023-07-07', 1, 60, 50, 2, 1, 1, 1, 3, 'a', 'b', 'c', 'd');
INSERT INTO `statisticsinfo` VALUES (696, '2023-07-07', 1, 60, 50, 2, 1, 1, 1, 3, 'a', 'b', 'c', 'd');
INSERT INTO `statisticsinfo` VALUES (697, '2023-07-08', 2, 60, 50, 2, 1, 1, 1, 1, 'a', 'b', 'c', 'd');
INSERT INTO `statisticsinfo` VALUES (698, '2023-07-08', 2, 60, 50, 2, 1, 1, 1, 3, 'a', 'b', 'c', 'd');
INSERT INTO `statisticsinfo` VALUES (699, '2023-07-08', 2, 60, 50, 2, 1, 1, 1, 3, 'a', 'b', 'c', 'd');
INSERT INTO `statisticsinfo` VALUES (700, '2023-07-08', 2, 60, 50, 2, 1, 1, 1, 2, 'a', 'b', 'c', 'd');
INSERT INTO `statisticsinfo` VALUES (701, '2023-07-07', 1, 60, 50, 2, 1, 1, 1, 1, 'a', 'b', 'c', 'd');
INSERT INTO `statisticsinfo` VALUES (702, '2023-07-07', 1, 60, 50, 2, 1, 1, 1, 1, 'a', 'b', 'c', 'd');
INSERT INTO `statisticsinfo` VALUES (703, '2023-07-08', 2, 60, 50, 2, 1, 1, 1, 3, 'a', 'b', 'c', 'd');
INSERT INTO `statisticsinfo` VALUES (704, '2023-07-07', 1, 60, 50, 2, 1, 1, 1, 2, 'a', 'b', 'c', 'd');
INSERT INTO `statisticsinfo` VALUES (705, '2023-07-07', 1, 60, 50, 2, 1, 1, 1, 2, 'a', 'b', 'c', 'd');
INSERT INTO `statisticsinfo` VALUES (706, '2023-07-08', 2, 60, 50, 2, 1, 1, 1, 3, 'a', 'b', 'c', 'd');
INSERT INTO `statisticsinfo` VALUES (707, '2023-07-07', 1, 60, 50, 2, 1, 1, 1, 1, 'a', 'b', 'c', 'd');
INSERT INTO `statisticsinfo` VALUES (708, '2023-07-08', 2, 60, 50, 2, 1, 1, 1, 3, 'a', 'b', 'c', 'd');
INSERT INTO `statisticsinfo` VALUES (709, '2023-07-08', 2, 60, 50, 2, 1, 1, 1, 2, 'a', 'b', 'c', 'd');
INSERT INTO `statisticsinfo` VALUES (710, '2023-07-08', 2, 60, 50, 2, 1, 1, 1, 3, 'a', 'b', 'c', 'd');
INSERT INTO `statisticsinfo` VALUES (711, '2023-07-07', 1, 60, 50, 2, 1, 1, 1, 2, 'a', 'b', 'c', 'd');
INSERT INTO `statisticsinfo` VALUES (712, '2023-07-07', 1, 60, 50, 2, 1, 1, 1, 3, 'a', 'b', 'c', 'd');
INSERT INTO `statisticsinfo` VALUES (713, '2023-07-07', 1, 60, 50, 2, 1, 1, 1, 1, 'a', 'b', 'c', 'd');
INSERT INTO `statisticsinfo` VALUES (714, '2023-07-08', 2, 60, 50, 2, 1, 1, 1, 2, 'a', 'b', 'c', 'd');
INSERT INTO `statisticsinfo` VALUES (715, '2023-07-08', 2, 60, 50, 2, 1, 1, 1, 1, 'a', 'b', 'c', 'd');
INSERT INTO `statisticsinfo` VALUES (716, '2023-07-08', 2, 60, 50, 2, 1, 1, 1, 1, 'a', 'b', 'c', 'd');
INSERT INTO `statisticsinfo` VALUES (717, '2023-07-08', 2, 60, 50, 2, 1, 1, 1, 2, 'a', 'b', 'c', 'd');
INSERT INTO `statisticsinfo` VALUES (718, '2023-07-07', 1, 60, 50, 2, 1, 1, 1, 2, 'a', 'b', 'c', 'd');
INSERT INTO `statisticsinfo` VALUES (719, '2023-07-08', 2, 60, 50, 2, 1, 1, 1, 1, 'a', 'b', 'c', 'd');
INSERT INTO `statisticsinfo` VALUES (720, '2023-07-07', 1, 60, 50, 2, 1, 1, 1, 3, 'a', 'b', 'c', 'd');
INSERT INTO `statisticsinfo` VALUES (721, '2023-07-07', 1, 60, 50, 2, 1, 1, 1, 2, 'a', 'b', 'c', 'd');
INSERT INTO `statisticsinfo` VALUES (722, '2023-07-07', 1, 60, 50, 2, 1, 1, 1, 3, 'a', 'b', 'c', 'd');
INSERT INTO `statisticsinfo` VALUES (723, '2023-07-08', 2, 60, 50, 2, 1, 1, 1, 2, 'a', 'b', 'c', 'd');
INSERT INTO `statisticsinfo` VALUES (724, '2023-07-07', 1, 60, 50, 2, 1, 1, 1, 1, 'a', 'b', 'c', 'd');
INSERT INTO `statisticsinfo` VALUES (725, '2023-07-07', 1, 60, 50, 2, 1, 1, 1, 3, 'a', 'b', 'c', 'd');
INSERT INTO `statisticsinfo` VALUES (726, '2023-07-08', 2, 60, 50, 2, 1, 1, 1, 1, 'a', 'b', 'c', 'd');
INSERT INTO `statisticsinfo` VALUES (727, '2023-07-08', 2, 60, 50, 2, 1, 1, 1, 2, 'a', 'b', 'c', 'd');
INSERT INTO `statisticsinfo` VALUES (728, '2023-07-08', 2, 60, 50, 2, 1, 1, 1, 3, 'a', 'b', 'c', 'd');
INSERT INTO `statisticsinfo` VALUES (729, '2023-07-08', 2, 60, 50, 2, 1, 1, 1, 3, 'a', 'b', 'c', 'd');
INSERT INTO `statisticsinfo` VALUES (730, '2023-07-08', 2, 60, 50, 2, 1, 1, 1, 1, 'a', 'b', 'c', 'd');
INSERT INTO `statisticsinfo` VALUES (731, '2023-07-08', 2, 60, 50, 2, 1, 1, 1, 1, 'a', 'b', 'c', 'd');
INSERT INTO `statisticsinfo` VALUES (732, '2023-07-08', 2, 60, 50, 2, 1, 1, 1, 3, 'a', 'b', 'c', 'd');
INSERT INTO `statisticsinfo` VALUES (733, '2023-07-07', 1, 60, 50, 2, 1, 1, 1, 3, 'a', 'b', 'c', 'd');
INSERT INTO `statisticsinfo` VALUES (734, '2023-07-08', 2, 60, 50, 2, 1, 1, 1, 3, 'a', 'b', 'c', 'd');
INSERT INTO `statisticsinfo` VALUES (735, '2023-07-07', 1, 60, 50, 2, 1, 1, 1, 2, 'a', 'b', 'c', 'd');
INSERT INTO `statisticsinfo` VALUES (736, '2023-07-07', 1, 60, 50, 2, 1, 1, 1, 3, 'a', 'b', 'c', 'd');
INSERT INTO `statisticsinfo` VALUES (737, '2023-07-07', 1, 60, 50, 2, 1, 1, 1, 2, 'a', 'b', 'c', 'd');
INSERT INTO `statisticsinfo` VALUES (738, '2023-07-08', 2, 60, 50, 2, 1, 1, 1, 3, 'a', 'b', 'c', 'd');
INSERT INTO `statisticsinfo` VALUES (739, '2023-07-07', 1, 60, 50, 2, 1, 1, 1, 2, 'a', 'b', 'c', 'd');
INSERT INTO `statisticsinfo` VALUES (740, '2023-07-07', 1, 60, 50, 2, 1, 1, 1, 3, 'a', 'b', 'c', 'd');
INSERT INTO `statisticsinfo` VALUES (741, '2023-07-08', 2, 60, 50, 2, 1, 1, 1, 3, 'a', 'b', 'c', 'd');
INSERT INTO `statisticsinfo` VALUES (742, '2023-07-07', 1, 60, 50, 2, 1, 1, 1, 3, 'a', 'b', 'c', 'd');
INSERT INTO `statisticsinfo` VALUES (743, '2023-07-07', 1, 60, 50, 2, 1, 1, 1, 3, 'a', 'b', 'c', 'd');
INSERT INTO `statisticsinfo` VALUES (744, '2023-07-08', 2, 60, 50, 2, 1, 1, 1, 1, 'a', 'b', 'c', 'd');
INSERT INTO `statisticsinfo` VALUES (745, '2023-07-07', 1, 60, 50, 2, 1, 1, 1, 3, 'a', 'b', 'c', 'd');
INSERT INTO `statisticsinfo` VALUES (746, '2023-07-08', 2, 60, 50, 2, 1, 1, 1, 3, 'a', 'b', 'c', 'd');
INSERT INTO `statisticsinfo` VALUES (747, '2023-07-07', 1, 60, 50, 2, 1, 1, 1, 1, 'a', 'b', 'c', 'd');
INSERT INTO `statisticsinfo` VALUES (748, '2023-07-08', 2, 60, 50, 2, 1, 1, 1, 1, 'a', 'b', 'c', 'd');
INSERT INTO `statisticsinfo` VALUES (749, '2023-07-08', 2, 60, 50, 2, 1, 1, 1, 3, 'a', 'b', 'c', 'd');
INSERT INTO `statisticsinfo` VALUES (750, '2023-07-08', 2, 60, 50, 2, 1, 1, 1, 3, 'a', 'b', 'c', 'd');
INSERT INTO `statisticsinfo` VALUES (751, '2023-07-08', 2, 60, 50, 2, 1, 1, 1, 3, 'a', 'b', 'c', 'd');
INSERT INTO `statisticsinfo` VALUES (752, '2023-07-08', 2, 60, 50, 2, 1, 1, 1, 2, 'a', 'b', 'c', 'd');
INSERT INTO `statisticsinfo` VALUES (753, '2023-07-07', 1, 60, 50, 2, 1, 1, 1, 1, 'a', 'b', 'c', 'd');
INSERT INTO `statisticsinfo` VALUES (754, '2023-07-08', 2, 60, 50, 2, 1, 1, 1, 2, 'a', 'b', 'c', 'd');
INSERT INTO `statisticsinfo` VALUES (755, '2023-07-08', 2, 60, 50, 2, 1, 1, 1, 2, 'a', 'b', 'c', 'd');
INSERT INTO `statisticsinfo` VALUES (756, '2023-07-08', 2, 60, 50, 2, 1, 1, 1, 1, 'a', 'b', 'c', 'd');
INSERT INTO `statisticsinfo` VALUES (757, '2023-07-07', 1, 60, 50, 2, 1, 1, 1, 1, 'a', 'b', 'c', 'd');
INSERT INTO `statisticsinfo` VALUES (758, '2023-07-08', 2, 60, 50, 2, 1, 1, 1, 1, 'a', 'b', 'c', 'd');
INSERT INTO `statisticsinfo` VALUES (759, '2023-07-08', 2, 60, 50, 2, 1, 1, 1, 2, 'a', 'b', 'c', 'd');
INSERT INTO `statisticsinfo` VALUES (760, '2023-07-07', 1, 60, 50, 2, 1, 1, 1, 2, 'a', 'b', 'c', 'd');
INSERT INTO `statisticsinfo` VALUES (761, '2023-07-07', 1, 60, 50, 2, 1, 1, 1, 1, 'a', 'b', 'c', 'd');
INSERT INTO `statisticsinfo` VALUES (762, '2023-07-08', 2, 60, 50, 2, 1, 1, 1, 2, 'a', 'b', 'c', 'd');
INSERT INTO `statisticsinfo` VALUES (763, '2023-07-07', 1, 60, 50, 2, 1, 1, 1, 3, 'a', 'b', 'c', 'd');
INSERT INTO `statisticsinfo` VALUES (764, '2023-07-08', 2, 60, 50, 2, 1, 1, 1, 1, 'a', 'b', 'c', 'd');
INSERT INTO `statisticsinfo` VALUES (765, '2023-07-07', 1, 60, 50, 2, 1, 1, 1, 3, 'a', 'b', 'c', 'd');
INSERT INTO `statisticsinfo` VALUES (766, '2023-07-08', 2, 60, 50, 2, 1, 1, 1, 2, 'a', 'b', 'c', 'd');
INSERT INTO `statisticsinfo` VALUES (767, '2023-07-07', 1, 60, 50, 2, 1, 1, 1, 3, 'a', 'b', 'c', 'd');
INSERT INTO `statisticsinfo` VALUES (768, '2023-07-07', 1, 60, 50, 2, 1, 1, 1, 2, 'a', 'b', 'c', 'd');
INSERT INTO `statisticsinfo` VALUES (769, '2023-07-07', 1, 60, 50, 2, 1, 1, 1, 1, 'a', 'b', 'c', 'd');
INSERT INTO `statisticsinfo` VALUES (770, '2023-07-07', 1, 60, 50, 2, 1, 1, 1, 3, 'a', 'b', 'c', 'd');
INSERT INTO `statisticsinfo` VALUES (771, '2023-07-08', 2, 60, 50, 2, 1, 1, 1, 2, 'a', 'b', 'c', 'd');
INSERT INTO `statisticsinfo` VALUES (772, '2023-07-08', 2, 60, 50, 2, 1, 1, 1, 1, 'a', 'b', 'c', 'd');
INSERT INTO `statisticsinfo` VALUES (773, '2023-07-08', 2, 60, 50, 2, 1, 1, 1, 1, 'a', 'b', 'c', 'd');
INSERT INTO `statisticsinfo` VALUES (774, '2023-07-07', 1, 60, 50, 2, 1, 1, 1, 2, 'a', 'b', 'c', 'd');
INSERT INTO `statisticsinfo` VALUES (775, '2023-07-08', 2, 60, 50, 2, 1, 1, 1, 2, 'a', 'b', 'c', 'd');
INSERT INTO `statisticsinfo` VALUES (776, '2023-07-08', 2, 60, 50, 2, 1, 1, 1, 3, 'a', 'b', 'c', 'd');
INSERT INTO `statisticsinfo` VALUES (777, '2023-07-08', 2, 60, 50, 2, 1, 1, 1, 1, 'a', 'b', 'c', 'd');
INSERT INTO `statisticsinfo` VALUES (778, '2023-07-08', 2, 60, 50, 2, 1, 1, 1, 2, 'a', 'b', 'c', 'd');
INSERT INTO `statisticsinfo` VALUES (779, '2023-07-07', 1, 60, 50, 2, 1, 1, 1, 2, 'a', 'b', 'c', 'd');
INSERT INTO `statisticsinfo` VALUES (780, '2023-07-08', 2, 60, 50, 2, 1, 1, 1, 1, 'a', 'b', 'c', 'd');
INSERT INTO `statisticsinfo` VALUES (781, '2023-07-08', 2, 60, 50, 2, 1, 1, 1, 2, 'a', 'b', 'c', 'd');
INSERT INTO `statisticsinfo` VALUES (782, '2023-07-07', 1, 60, 50, 2, 1, 1, 1, 1, 'a', 'b', 'c', 'd');
INSERT INTO `statisticsinfo` VALUES (783, '2023-07-08', 2, 60, 50, 2, 1, 1, 1, 2, 'a', 'b', 'c', 'd');
INSERT INTO `statisticsinfo` VALUES (784, '2023-07-07', 1, 60, 50, 2, 1, 1, 1, 2, 'a', 'b', 'c', 'd');
INSERT INTO `statisticsinfo` VALUES (785, '2023-07-08', 2, 60, 50, 2, 1, 1, 1, 3, 'a', 'b', 'c', 'd');
INSERT INTO `statisticsinfo` VALUES (786, '2023-07-08', 2, 60, 50, 2, 1, 1, 1, 2, 'a', 'b', 'c', 'd');
INSERT INTO `statisticsinfo` VALUES (787, '2023-07-07', 1, 60, 50, 2, 1, 1, 1, 3, 'a', 'b', 'c', 'd');
INSERT INTO `statisticsinfo` VALUES (788, '2023-07-08', 2, 60, 50, 2, 1, 1, 1, 1, 'a', 'b', 'c', 'd');
INSERT INTO `statisticsinfo` VALUES (789, '2023-07-08', 2, 60, 50, 2, 1, 1, 1, 3, 'a', 'b', 'c', 'd');
INSERT INTO `statisticsinfo` VALUES (790, '2023-07-07', 1, 60, 50, 2, 1, 1, 1, 1, 'a', 'b', 'c', 'd');
INSERT INTO `statisticsinfo` VALUES (791, '2023-07-08', 2, 60, 50, 2, 1, 1, 1, 3, 'a', 'b', 'c', 'd');
INSERT INTO `statisticsinfo` VALUES (792, '2023-07-07', 1, 60, 50, 2, 1, 1, 1, 1, 'a', 'b', 'c', 'd');
INSERT INTO `statisticsinfo` VALUES (793, '2023-07-07', 1, 60, 50, 2, 1, 1, 1, 1, 'a', 'b', 'c', 'd');
INSERT INTO `statisticsinfo` VALUES (794, '2023-07-08', 2, 60, 50, 2, 1, 1, 1, 2, 'a', 'b', 'c', 'd');
INSERT INTO `statisticsinfo` VALUES (795, '2023-07-08', 2, 60, 50, 2, 1, 1, 1, 3, 'a', 'b', 'c', 'd');
INSERT INTO `statisticsinfo` VALUES (796, '2023-07-08', 2, 60, 50, 2, 1, 1, 1, 3, 'a', 'b', 'c', 'd');
INSERT INTO `statisticsinfo` VALUES (797, '2023-07-07', 1, 60, 50, 2, 1, 1, 1, 2, 'a', 'b', 'c', 'd');
INSERT INTO `statisticsinfo` VALUES (798, '2023-07-07', 1, 60, 50, 2, 1, 1, 1, 3, 'a', 'b', 'c', 'd');
INSERT INTO `statisticsinfo` VALUES (799, '2023-07-08', 2, 60, 50, 2, 1, 1, 1, 2, 'a', 'b', 'c', 'd');
INSERT INTO `statisticsinfo` VALUES (800, '2023-07-08', 2, 60, 50, 2, 1, 1, 1, 1, 'a', 'b', 'c', 'd');
INSERT INTO `statisticsinfo` VALUES (801, '2023-07-08', 2, 60, 50, 2, 1, 1, 1, 2, 'a', 'b', 'c', 'd');
INSERT INTO `statisticsinfo` VALUES (802, '2023-07-08', 2, 60, 50, 2, 1, 1, 1, 3, 'a', 'b', 'c', 'd');
INSERT INTO `statisticsinfo` VALUES (803, '2023-07-07', 1, 60, 50, 2, 1, 1, 1, 2, 'a', 'b', 'c', 'd');
INSERT INTO `statisticsinfo` VALUES (804, '2023-07-08', 2, 60, 50, 2, 1, 1, 1, 1, 'a', 'b', 'c', 'd');
INSERT INTO `statisticsinfo` VALUES (805, '2023-07-08', 2, 60, 50, 2, 1, 1, 1, 1, 'a', 'b', 'c', 'd');
INSERT INTO `statisticsinfo` VALUES (806, '2023-07-07', 1, 60, 50, 2, 1, 1, 1, 2, 'a', 'b', 'c', 'd');
INSERT INTO `statisticsinfo` VALUES (807, '2023-07-07', 1, 60, 50, 2, 1, 1, 1, 2, 'a', 'b', 'c', 'd');
INSERT INTO `statisticsinfo` VALUES (808, '2023-07-07', 1, 60, 50, 2, 1, 1, 1, 3, 'a', 'b', 'c', 'd');
INSERT INTO `statisticsinfo` VALUES (809, '2023-07-08', 2, 60, 50, 2, 1, 1, 1, 1, 'a', 'b', 'c', 'd');
INSERT INTO `statisticsinfo` VALUES (810, '2023-07-08', 2, 60, 50, 2, 1, 1, 1, 3, 'a', 'b', 'c', 'd');
INSERT INTO `statisticsinfo` VALUES (811, '2023-07-07', 1, 60, 50, 2, 1, 1, 1, 2, 'a', 'b', 'c', 'd');
INSERT INTO `statisticsinfo` VALUES (812, '2023-07-08', 2, 60, 50, 2, 1, 1, 1, 1, 'a', 'b', 'c', 'd');
INSERT INTO `statisticsinfo` VALUES (813, '2023-07-08', 2, 60, 50, 2, 1, 1, 1, 1, 'a', 'b', 'c', 'd');
INSERT INTO `statisticsinfo` VALUES (814, '2023-07-08', 2, 60, 50, 2, 1, 1, 1, 3, 'a', 'b', 'c', 'd');
INSERT INTO `statisticsinfo` VALUES (815, '2023-07-07', 1, 60, 50, 2, 1, 1, 1, 2, 'a', 'b', 'c', 'd');
INSERT INTO `statisticsinfo` VALUES (816, '2023-07-08', 2, 60, 50, 2, 1, 1, 1, 1, 'a', 'b', 'c', 'd');
INSERT INTO `statisticsinfo` VALUES (817, '2023-07-07', 1, 60, 50, 2, 1, 1, 1, 3, 'a', 'b', 'c', 'd');
INSERT INTO `statisticsinfo` VALUES (818, '2023-07-07', 1, 60, 50, 2, 1, 1, 1, 3, 'a', 'b', 'c', 'd');
INSERT INTO `statisticsinfo` VALUES (819, '2023-07-07', 1, 60, 50, 2, 1, 1, 1, 2, 'a', 'b', 'c', 'd');
INSERT INTO `statisticsinfo` VALUES (820, '2023-07-08', 2, 60, 50, 2, 1, 1, 1, 1, 'a', 'b', 'c', 'd');
INSERT INTO `statisticsinfo` VALUES (821, '2023-07-07', 1, 60, 50, 2, 1, 1, 1, 1, 'a', 'b', 'c', 'd');
INSERT INTO `statisticsinfo` VALUES (822, '2023-07-08', 2, 60, 50, 2, 1, 1, 1, 1, 'a', 'b', 'c', 'd');
INSERT INTO `statisticsinfo` VALUES (823, '2023-07-07', 1, 60, 50, 2, 1, 1, 1, 2, 'a', 'b', 'c', 'd');
INSERT INTO `statisticsinfo` VALUES (824, '2023-07-08', 2, 60, 50, 2, 1, 1, 1, 2, 'a', 'b', 'c', 'd');
INSERT INTO `statisticsinfo` VALUES (825, '2023-07-08', 2, 60, 50, 2, 1, 1, 1, 3, 'a', 'b', 'c', 'd');
INSERT INTO `statisticsinfo` VALUES (826, '2023-07-07', 1, 60, 50, 2, 1, 1, 1, 2, 'a', 'b', 'c', 'd');
INSERT INTO `statisticsinfo` VALUES (827, '2023-07-07', 1, 60, 50, 2, 1, 1, 1, 3, 'a', 'b', 'c', 'd');
INSERT INTO `statisticsinfo` VALUES (828, '2023-07-08', 2, 60, 50, 2, 1, 1, 1, 3, 'a', 'b', 'c', 'd');
INSERT INTO `statisticsinfo` VALUES (829, '2023-07-08', 2, 60, 50, 2, 1, 1, 1, 3, 'a', 'b', 'c', 'd');
INSERT INTO `statisticsinfo` VALUES (830, '2023-07-08', 2, 60, 50, 2, 1, 1, 1, 2, 'a', 'b', 'c', 'd');
INSERT INTO `statisticsinfo` VALUES (831, '2023-07-07', 1, 60, 50, 2, 1, 1, 1, 2, 'a', 'b', 'c', 'd');
INSERT INTO `statisticsinfo` VALUES (832, '2023-07-08', 2, 60, 50, 2, 1, 1, 1, 2, 'a', 'b', 'c', 'd');
INSERT INTO `statisticsinfo` VALUES (833, '2023-07-08', 2, 60, 50, 2, 1, 1, 1, 1, 'a', 'b', 'c', 'd');
INSERT INTO `statisticsinfo` VALUES (834, '2023-07-07', 1, 60, 50, 2, 1, 1, 1, 2, 'a', 'b', 'c', 'd');
INSERT INTO `statisticsinfo` VALUES (835, '2023-07-07', 1, 60, 50, 2, 1, 1, 1, 1, 'a', 'b', 'c', 'd');
INSERT INTO `statisticsinfo` VALUES (836, '2023-07-07', 1, 60, 50, 2, 1, 1, 1, 3, 'a', 'b', 'c', 'd');
INSERT INTO `statisticsinfo` VALUES (837, '2023-07-08', 2, 60, 50, 2, 1, 1, 1, 2, 'a', 'b', 'c', 'd');
INSERT INTO `statisticsinfo` VALUES (838, '2023-07-07', 1, 60, 50, 2, 1, 1, 1, 2, 'a', 'b', 'c', 'd');
INSERT INTO `statisticsinfo` VALUES (839, '2023-07-08', 2, 60, 50, 2, 1, 1, 1, 3, 'a', 'b', 'c', 'd');
INSERT INTO `statisticsinfo` VALUES (840, '2023-07-08', 2, 60, 50, 2, 1, 1, 1, 1, 'a', 'b', 'c', 'd');
INSERT INTO `statisticsinfo` VALUES (841, '2023-07-08', 2, 60, 50, 2, 1, 1, 1, 1, 'a', 'b', 'c', 'd');
INSERT INTO `statisticsinfo` VALUES (842, '2023-07-07', 1, 60, 50, 2, 1, 1, 1, 2, 'a', 'b', 'c', 'd');
INSERT INTO `statisticsinfo` VALUES (843, '2023-07-08', 2, 60, 50, 2, 1, 1, 1, 3, 'a', 'b', 'c', 'd');
INSERT INTO `statisticsinfo` VALUES (844, '2023-07-07', 1, 60, 50, 2, 1, 1, 1, 3, 'a', 'b', 'c', 'd');
INSERT INTO `statisticsinfo` VALUES (845, '2023-07-07', 1, 60, 50, 2, 1, 1, 1, 2, 'a', 'b', 'c', 'd');
INSERT INTO `statisticsinfo` VALUES (846, '2023-07-08', 2, 60, 50, 2, 1, 1, 1, 3, 'a', 'b', 'c', 'd');
INSERT INTO `statisticsinfo` VALUES (847, '2023-07-08', 2, 60, 50, 2, 1, 1, 1, 2, 'a', 'b', 'c', 'd');
INSERT INTO `statisticsinfo` VALUES (848, '2023-07-08', 2, 60, 50, 2, 1, 1, 1, 2, 'a', 'b', 'c', 'd');
INSERT INTO `statisticsinfo` VALUES (849, '2023-07-08', 2, 60, 50, 2, 1, 1, 1, 3, 'a', 'b', 'c', 'd');
INSERT INTO `statisticsinfo` VALUES (850, '2023-07-08', 2, 60, 50, 2, 1, 1, 1, 3, 'a', 'b', 'c', 'd');
INSERT INTO `statisticsinfo` VALUES (851, '2023-07-08', 2, 60, 50, 2, 1, 1, 1, 2, 'a', 'b', 'c', 'd');
INSERT INTO `statisticsinfo` VALUES (852, '2023-07-08', 2, 60, 50, 2, 1, 1, 1, 1, 'a', 'b', 'c', 'd');
INSERT INTO `statisticsinfo` VALUES (853, '2023-07-07', 1, 60, 50, 2, 1, 1, 1, 3, 'a', 'b', 'c', 'd');
INSERT INTO `statisticsinfo` VALUES (854, '2023-07-07', 1, 60, 50, 2, 1, 1, 1, 2, 'a', 'b', 'c', 'd');
INSERT INTO `statisticsinfo` VALUES (855, '2023-07-07', 1, 60, 50, 2, 1, 1, 1, 2, 'a', 'b', 'c', 'd');
INSERT INTO `statisticsinfo` VALUES (856, '2023-07-08', 2, 60, 50, 2, 1, 1, 1, 3, 'a', 'b', 'c', 'd');
INSERT INTO `statisticsinfo` VALUES (857, '2023-07-08', 2, 60, 50, 2, 1, 1, 1, 1, 'a', 'b', 'c', 'd');
INSERT INTO `statisticsinfo` VALUES (858, '2023-07-08', 2, 60, 50, 2, 1, 1, 1, 3, 'a', 'b', 'c', 'd');
INSERT INTO `statisticsinfo` VALUES (859, '2023-07-07', 1, 60, 50, 2, 1, 1, 1, 3, 'a', 'b', 'c', 'd');
INSERT INTO `statisticsinfo` VALUES (860, '2023-07-08', 2, 60, 50, 2, 1, 1, 1, 3, 'a', 'b', 'c', 'd');
INSERT INTO `statisticsinfo` VALUES (861, '2023-07-08', 2, 60, 50, 2, 1, 1, 1, 2, 'a', 'b', 'c', 'd');
INSERT INTO `statisticsinfo` VALUES (862, '2023-07-08', 2, 60, 50, 2, 1, 1, 1, 2, 'a', 'b', 'c', 'd');
INSERT INTO `statisticsinfo` VALUES (863, '2023-07-08', 2, 60, 50, 2, 1, 1, 1, 1, 'a', 'b', 'c', 'd');
INSERT INTO `statisticsinfo` VALUES (864, '2023-07-07', 1, 60, 50, 2, 1, 1, 1, 3, 'a', 'b', 'c', 'd');
INSERT INTO `statisticsinfo` VALUES (865, '2023-07-08', 2, 60, 50, 2, 1, 1, 1, 3, 'a', 'b', 'c', 'd');
INSERT INTO `statisticsinfo` VALUES (866, '2023-07-07', 1, 60, 50, 2, 1, 1, 1, 3, 'a', 'b', 'c', 'd');
INSERT INTO `statisticsinfo` VALUES (867, '2023-07-08', 2, 60, 50, 2, 1, 1, 1, 1, 'a', 'b', 'c', 'd');
INSERT INTO `statisticsinfo` VALUES (868, '2023-07-08', 2, 60, 50, 2, 1, 1, 1, 2, 'a', 'b', 'c', 'd');
INSERT INTO `statisticsinfo` VALUES (869, '2023-07-08', 2, 60, 50, 2, 1, 1, 1, 1, 'a', 'b', 'c', 'd');
INSERT INTO `statisticsinfo` VALUES (870, '2023-07-07', 1, 60, 50, 2, 1, 1, 1, 1, 'a', 'b', 'c', 'd');
INSERT INTO `statisticsinfo` VALUES (871, '2023-07-07', 1, 60, 50, 2, 1, 1, 1, 3, 'a', 'b', 'c', 'd');
INSERT INTO `statisticsinfo` VALUES (872, '2023-07-07', 1, 60, 50, 2, 1, 1, 1, 3, 'a', 'b', 'c', 'd');
INSERT INTO `statisticsinfo` VALUES (873, '2023-07-07', 1, 60, 50, 2, 1, 1, 1, 2, 'a', 'b', 'c', 'd');
INSERT INTO `statisticsinfo` VALUES (874, '2023-07-08', 2, 60, 50, 2, 1, 1, 1, 2, 'a', 'b', 'c', 'd');
INSERT INTO `statisticsinfo` VALUES (875, '2023-07-08', 2, 60, 50, 2, 1, 1, 1, 3, 'a', 'b', 'c', 'd');
INSERT INTO `statisticsinfo` VALUES (876, '2023-07-08', 2, 60, 50, 2, 1, 1, 1, 3, 'a', 'b', 'c', 'd');
INSERT INTO `statisticsinfo` VALUES (877, '2023-07-08', 2, 60, 50, 2, 1, 1, 1, 2, 'a', 'b', 'c', 'd');
INSERT INTO `statisticsinfo` VALUES (878, '2023-07-08', 2, 60, 50, 2, 1, 1, 1, 2, 'a', 'b', 'c', 'd');
INSERT INTO `statisticsinfo` VALUES (879, '2023-07-07', 1, 60, 50, 2, 1, 1, 1, 3, 'a', 'b', 'c', 'd');
INSERT INTO `statisticsinfo` VALUES (880, '2023-07-08', 2, 60, 50, 2, 1, 1, 1, 1, 'a', 'b', 'c', 'd');
INSERT INTO `statisticsinfo` VALUES (881, '2023-07-08', 2, 60, 50, 2, 1, 1, 1, 1, 'a', 'b', 'c', 'd');
INSERT INTO `statisticsinfo` VALUES (882, '2023-07-07', 1, 60, 50, 2, 1, 1, 1, 3, 'a', 'b', 'c', 'd');
INSERT INTO `statisticsinfo` VALUES (883, '2023-07-07', 1, 60, 50, 2, 1, 1, 1, 2, 'a', 'b', 'c', 'd');
INSERT INTO `statisticsinfo` VALUES (884, '2023-07-07', 1, 60, 50, 2, 1, 1, 1, 2, 'a', 'b', 'c', 'd');
INSERT INTO `statisticsinfo` VALUES (885, '2023-07-08', 2, 60, 50, 2, 1, 1, 1, 3, 'a', 'b', 'c', 'd');
INSERT INTO `statisticsinfo` VALUES (886, '2023-07-07', 1, 60, 50, 2, 1, 1, 1, 1, 'a', 'b', 'c', 'd');
INSERT INTO `statisticsinfo` VALUES (887, '2023-07-08', 2, 60, 50, 2, 1, 1, 1, 1, 'a', 'b', 'c', 'd');
INSERT INTO `statisticsinfo` VALUES (888, '2023-07-08', 2, 60, 50, 2, 1, 1, 1, 3, 'a', 'b', 'c', 'd');
INSERT INTO `statisticsinfo` VALUES (889, '2023-07-07', 1, 60, 50, 2, 1, 1, 1, 3, 'a', 'b', 'c', 'd');
INSERT INTO `statisticsinfo` VALUES (890, '2023-07-08', 2, 60, 50, 2, 1, 1, 1, 2, 'a', 'b', 'c', 'd');
INSERT INTO `statisticsinfo` VALUES (891, '2023-07-08', 2, 60, 50, 2, 1, 1, 1, 1, 'a', 'b', 'c', 'd');
INSERT INTO `statisticsinfo` VALUES (892, '2023-07-08', 2, 60, 50, 2, 1, 1, 1, 2, 'a', 'b', 'c', 'd');
INSERT INTO `statisticsinfo` VALUES (893, '2023-07-08', 2, 60, 50, 2, 1, 1, 1, 2, 'a', 'b', 'c', 'd');
INSERT INTO `statisticsinfo` VALUES (894, '2023-07-08', 2, 60, 50, 2, 1, 1, 1, 1, 'a', 'b', 'c', 'd');
INSERT INTO `statisticsinfo` VALUES (895, '2023-07-08', 2, 60, 50, 2, 1, 1, 1, 2, 'a', 'b', 'c', 'd');
INSERT INTO `statisticsinfo` VALUES (896, '2023-07-07', 1, 60, 50, 2, 1, 1, 1, 3, 'a', 'b', 'c', 'd');
INSERT INTO `statisticsinfo` VALUES (897, '2023-07-08', 2, 60, 50, 2, 1, 1, 1, 1, 'a', 'b', 'c', 'd');
INSERT INTO `statisticsinfo` VALUES (898, '2023-07-07', 1, 60, 50, 2, 1, 1, 1, 1, 'a', 'b', 'c', 'd');
INSERT INTO `statisticsinfo` VALUES (899, '2023-07-08', 2, 60, 50, 2, 1, 1, 1, 2, 'a', 'b', 'c', 'd');
INSERT INTO `statisticsinfo` VALUES (900, '2023-07-07', 1, 60, 50, 2, 1, 1, 1, 1, 'a', 'b', 'c', 'd');
INSERT INTO `statisticsinfo` VALUES (901, '2023-07-07', 1, 60, 50, 2, 1, 1, 1, 3, 'a', 'b', 'c', 'd');
INSERT INTO `statisticsinfo` VALUES (902, '2023-07-08', 2, 60, 50, 2, 1, 1, 1, 2, 'a', 'b', 'c', 'd');
INSERT INTO `statisticsinfo` VALUES (903, '2023-07-08', 2, 60, 50, 2, 1, 1, 1, 1, 'a', 'b', 'c', 'd');
INSERT INTO `statisticsinfo` VALUES (904, '2023-07-07', 1, 60, 50, 2, 1, 1, 1, 2, 'a', 'b', 'c', 'd');
INSERT INTO `statisticsinfo` VALUES (905, '2023-07-08', 2, 60, 50, 2, 1, 1, 1, 1, 'a', 'b', 'c', 'd');
INSERT INTO `statisticsinfo` VALUES (906, '2023-07-07', 1, 60, 50, 2, 1, 1, 1, 3, 'a', 'b', 'c', 'd');
INSERT INTO `statisticsinfo` VALUES (907, '2023-07-07', 1, 60, 50, 2, 1, 1, 1, 2, 'a', 'b', 'c', 'd');
INSERT INTO `statisticsinfo` VALUES (908, '2023-07-07', 1, 60, 50, 2, 1, 1, 1, 1, 'a', 'b', 'c', 'd');
INSERT INTO `statisticsinfo` VALUES (909, '2023-07-08', 2, 60, 50, 2, 1, 1, 1, 2, 'a', 'b', 'c', 'd');
INSERT INTO `statisticsinfo` VALUES (910, '2023-07-07', 1, 60, 50, 2, 1, 1, 1, 2, 'a', 'b', 'c', 'd');
INSERT INTO `statisticsinfo` VALUES (911, '2023-07-07', 1, 60, 50, 2, 1, 1, 1, 2, 'a', 'b', 'c', 'd');
INSERT INTO `statisticsinfo` VALUES (912, '2023-07-08', 2, 60, 50, 2, 1, 1, 1, 1, 'a', 'b', 'c', 'd');
INSERT INTO `statisticsinfo` VALUES (913, '2023-07-08', 2, 60, 50, 2, 1, 1, 1, 2, 'a', 'b', 'c', 'd');
INSERT INTO `statisticsinfo` VALUES (914, '2023-07-08', 2, 60, 50, 2, 1, 1, 1, 2, 'a', 'b', 'c', 'd');
INSERT INTO `statisticsinfo` VALUES (915, '2023-07-07', 1, 60, 50, 2, 1, 1, 1, 2, 'a', 'b', 'c', 'd');
INSERT INTO `statisticsinfo` VALUES (916, '2023-07-08', 2, 60, 50, 2, 1, 1, 1, 1, 'a', 'b', 'c', 'd');
INSERT INTO `statisticsinfo` VALUES (917, '2023-07-07', 1, 60, 50, 2, 1, 1, 1, 2, 'a', 'b', 'c', 'd');
INSERT INTO `statisticsinfo` VALUES (918, '2023-07-08', 2, 60, 50, 2, 1, 1, 1, 2, 'a', 'b', 'c', 'd');
INSERT INTO `statisticsinfo` VALUES (919, '2023-07-08', 2, 60, 50, 2, 1, 1, 1, 3, 'a', 'b', 'c', 'd');
INSERT INTO `statisticsinfo` VALUES (920, '2023-07-07', 1, 60, 50, 2, 1, 1, 1, 3, 'a', 'b', 'c', 'd');
INSERT INTO `statisticsinfo` VALUES (921, '2023-07-08', 2, 60, 50, 2, 1, 1, 1, 2, 'a', 'b', 'c', 'd');
INSERT INTO `statisticsinfo` VALUES (922, '2023-07-08', 2, 60, 50, 2, 1, 1, 1, 2, 'a', 'b', 'c', 'd');
INSERT INTO `statisticsinfo` VALUES (923, '2023-07-08', 2, 60, 50, 2, 1, 1, 1, 1, 'a', 'b', 'c', 'd');
INSERT INTO `statisticsinfo` VALUES (924, '2023-07-07', 1, 60, 50, 2, 1, 1, 1, 2, 'a', 'b', 'c', 'd');
INSERT INTO `statisticsinfo` VALUES (925, '2023-07-08', 2, 60, 50, 2, 1, 1, 1, 3, 'a', 'b', 'c', 'd');
INSERT INTO `statisticsinfo` VALUES (926, '2023-07-07', 1, 60, 50, 2, 1, 1, 1, 1, 'a', 'b', 'c', 'd');
INSERT INTO `statisticsinfo` VALUES (927, '2023-07-07', 1, 60, 50, 2, 1, 1, 1, 2, 'a', 'b', 'c', 'd');
INSERT INTO `statisticsinfo` VALUES (928, '2023-07-07', 1, 60, 50, 2, 1, 1, 1, 3, 'a', 'b', 'c', 'd');
INSERT INTO `statisticsinfo` VALUES (929, '2023-07-08', 2, 60, 50, 2, 1, 1, 1, 2, 'a', 'b', 'c', 'd');
INSERT INTO `statisticsinfo` VALUES (930, '2023-07-07', 1, 60, 50, 2, 1, 1, 1, 2, 'a', 'b', 'c', 'd');
INSERT INTO `statisticsinfo` VALUES (931, '2023-07-07', 1, 60, 50, 2, 1, 1, 1, 2, 'a', 'b', 'c', 'd');
INSERT INTO `statisticsinfo` VALUES (932, '2023-07-08', 2, 60, 50, 2, 1, 1, 1, 3, 'a', 'b', 'c', 'd');
INSERT INTO `statisticsinfo` VALUES (933, '2023-07-08', 2, 60, 50, 2, 1, 1, 1, 3, 'a', 'b', 'c', 'd');
INSERT INTO `statisticsinfo` VALUES (934, '2023-07-08', 2, 60, 50, 2, 1, 1, 1, 3, 'a', 'b', 'c', 'd');
INSERT INTO `statisticsinfo` VALUES (935, '2023-07-07', 1, 60, 50, 2, 1, 1, 1, 3, 'a', 'b', 'c', 'd');
INSERT INTO `statisticsinfo` VALUES (936, '2023-07-07', 1, 60, 50, 2, 1, 1, 1, 2, 'a', 'b', 'c', 'd');
INSERT INTO `statisticsinfo` VALUES (937, '2023-07-08', 2, 60, 50, 2, 1, 1, 1, 1, 'a', 'b', 'c', 'd');
INSERT INTO `statisticsinfo` VALUES (938, '2023-07-07', 1, 60, 50, 2, 1, 1, 1, 3, 'a', 'b', 'c', 'd');
INSERT INTO `statisticsinfo` VALUES (939, '2023-07-07', 1, 60, 50, 2, 1, 1, 1, 2, 'a', 'b', 'c', 'd');
INSERT INTO `statisticsinfo` VALUES (940, '2023-07-08', 2, 60, 50, 2, 1, 1, 1, 2, 'a', 'b', 'c', 'd');
INSERT INTO `statisticsinfo` VALUES (941, '2023-07-07', 1, 60, 50, 2, 1, 1, 1, 3, 'a', 'b', 'c', 'd');
INSERT INTO `statisticsinfo` VALUES (942, '2023-07-07', 1, 60, 50, 2, 1, 1, 1, 3, 'a', 'b', 'c', 'd');
INSERT INTO `statisticsinfo` VALUES (943, '2023-07-07', 1, 60, 50, 2, 1, 1, 1, 3, 'a', 'b', 'c', 'd');
INSERT INTO `statisticsinfo` VALUES (944, '2023-07-08', 2, 60, 50, 2, 1, 1, 1, 1, 'a', 'b', 'c', 'd');
INSERT INTO `statisticsinfo` VALUES (945, '2023-07-07', 1, 60, 50, 2, 1, 1, 1, 2, 'a', 'b', 'c', 'd');
INSERT INTO `statisticsinfo` VALUES (946, '2023-07-08', 2, 60, 50, 2, 1, 1, 1, 3, 'a', 'b', 'c', 'd');
INSERT INTO `statisticsinfo` VALUES (947, '2023-07-08', 2, 60, 50, 2, 1, 1, 1, 2, 'a', 'b', 'c', 'd');
INSERT INTO `statisticsinfo` VALUES (948, '2023-07-08', 2, 60, 50, 2, 1, 1, 1, 1, 'a', 'b', 'c', 'd');
INSERT INTO `statisticsinfo` VALUES (949, '2023-07-08', 2, 60, 50, 2, 1, 1, 1, 1, 'a', 'b', 'c', 'd');
INSERT INTO `statisticsinfo` VALUES (950, '2023-07-08', 2, 60, 50, 2, 1, 1, 1, 1, 'a', 'b', 'c', 'd');
INSERT INTO `statisticsinfo` VALUES (951, '2023-07-08', 2, 60, 50, 2, 1, 1, 1, 2, 'a', 'b', 'c', 'd');
INSERT INTO `statisticsinfo` VALUES (952, '2023-07-08', 2, 60, 50, 2, 1, 1, 1, 2, 'a', 'b', 'c', 'd');
INSERT INTO `statisticsinfo` VALUES (953, '2023-07-07', 1, 60, 50, 2, 1, 1, 1, 2, 'a', 'b', 'c', 'd');
INSERT INTO `statisticsinfo` VALUES (954, '2023-07-08', 2, 60, 50, 2, 1, 1, 1, 3, 'a', 'b', 'c', 'd');
INSERT INTO `statisticsinfo` VALUES (955, '2023-07-07', 1, 60, 50, 2, 1, 1, 1, 3, 'a', 'b', 'c', 'd');
INSERT INTO `statisticsinfo` VALUES (956, '2023-07-08', 2, 60, 50, 2, 1, 1, 1, 3, 'a', 'b', 'c', 'd');
INSERT INTO `statisticsinfo` VALUES (957, '2023-07-08', 2, 60, 50, 2, 1, 1, 1, 1, 'a', 'b', 'c', 'd');
INSERT INTO `statisticsinfo` VALUES (958, '2023-07-07', 1, 60, 50, 2, 1, 1, 1, 3, 'a', 'b', 'c', 'd');
INSERT INTO `statisticsinfo` VALUES (959, '2023-07-07', 1, 60, 50, 2, 1, 1, 1, 1, 'a', 'b', 'c', 'd');
INSERT INTO `statisticsinfo` VALUES (960, '2023-07-08', 2, 60, 50, 2, 1, 1, 1, 1, 'a', 'b', 'c', 'd');
INSERT INTO `statisticsinfo` VALUES (961, '2023-07-07', 1, 60, 50, 2, 1, 1, 1, 1, 'a', 'b', 'c', 'd');
INSERT INTO `statisticsinfo` VALUES (962, '2023-07-08', 2, 60, 50, 2, 1, 1, 1, 2, 'a', 'b', 'c', 'd');
INSERT INTO `statisticsinfo` VALUES (963, '2023-07-08', 2, 60, 50, 2, 1, 1, 1, 2, 'a', 'b', 'c', 'd');
INSERT INTO `statisticsinfo` VALUES (964, '2023-07-07', 1, 60, 50, 2, 1, 1, 1, 2, 'a', 'b', 'c', 'd');
INSERT INTO `statisticsinfo` VALUES (965, '2023-07-07', 1, 60, 50, 2, 1, 1, 1, 3, 'a', 'b', 'c', 'd');
INSERT INTO `statisticsinfo` VALUES (966, '2023-07-07', 1, 60, 50, 2, 1, 1, 1, 1, 'a', 'b', 'c', 'd');
INSERT INTO `statisticsinfo` VALUES (967, '2023-07-07', 1, 60, 50, 2, 1, 1, 1, 3, 'a', 'b', 'c', 'd');
INSERT INTO `statisticsinfo` VALUES (968, '2023-07-08', 2, 60, 50, 2, 1, 1, 1, 2, 'a', 'b', 'c', 'd');
INSERT INTO `statisticsinfo` VALUES (969, '2023-07-07', 1, 60, 50, 2, 1, 1, 1, 2, 'a', 'b', 'c', 'd');
INSERT INTO `statisticsinfo` VALUES (970, '2023-07-07', 1, 60, 50, 2, 1, 1, 1, 2, 'a', 'b', 'c', 'd');
INSERT INTO `statisticsinfo` VALUES (971, '2023-07-08', 2, 60, 50, 2, 1, 1, 1, 1, 'a', 'b', 'c', 'd');
INSERT INTO `statisticsinfo` VALUES (972, '2023-07-08', 2, 60, 50, 2, 1, 1, 1, 3, 'a', 'b', 'c', 'd');
INSERT INTO `statisticsinfo` VALUES (973, '2023-07-07', 1, 60, 50, 2, 1, 1, 1, 3, 'a', 'b', 'c', 'd');
INSERT INTO `statisticsinfo` VALUES (974, '2023-07-08', 2, 60, 50, 2, 1, 1, 1, 2, 'a', 'b', 'c', 'd');
INSERT INTO `statisticsinfo` VALUES (975, '2023-07-08', 2, 60, 50, 2, 1, 1, 1, 2, 'a', 'b', 'c', 'd');
INSERT INTO `statisticsinfo` VALUES (976, '2023-07-08', 2, 60, 50, 2, 1, 1, 1, 3, 'a', 'b', 'c', 'd');
INSERT INTO `statisticsinfo` VALUES (977, '2023-07-07', 1, 60, 50, 2, 1, 1, 1, 2, 'a', 'b', 'c', 'd');
INSERT INTO `statisticsinfo` VALUES (978, '2023-07-07', 1, 60, 50, 2, 1, 1, 1, 3, 'a', 'b', 'c', 'd');
INSERT INTO `statisticsinfo` VALUES (979, '2023-07-08', 2, 60, 50, 2, 1, 1, 1, 2, 'a', 'b', 'c', 'd');
INSERT INTO `statisticsinfo` VALUES (980, '2023-07-07', 1, 60, 50, 2, 1, 1, 1, 3, 'a', 'b', 'c', 'd');
INSERT INTO `statisticsinfo` VALUES (981, '2023-07-07', 1, 60, 50, 2, 1, 1, 1, 3, 'a', 'b', 'c', 'd');
INSERT INTO `statisticsinfo` VALUES (982, '2023-07-08', 2, 60, 50, 2, 1, 1, 1, 3, 'a', 'b', 'c', 'd');
INSERT INTO `statisticsinfo` VALUES (983, '2023-07-07', 1, 60, 50, 2, 1, 1, 1, 1, 'a', 'b', 'c', 'd');
INSERT INTO `statisticsinfo` VALUES (984, '2023-07-08', 2, 60, 50, 2, 1, 1, 1, 1, 'a', 'b', 'c', 'd');
INSERT INTO `statisticsinfo` VALUES (985, '2023-07-07', 1, 60, 50, 2, 1, 1, 1, 2, 'a', 'b', 'c', 'd');
INSERT INTO `statisticsinfo` VALUES (986, '2023-07-08', 2, 60, 50, 2, 1, 1, 1, 3, 'a', 'b', 'c', 'd');
INSERT INTO `statisticsinfo` VALUES (987, '2023-07-07', 1, 60, 50, 2, 1, 1, 1, 3, 'a', 'b', 'c', 'd');
INSERT INTO `statisticsinfo` VALUES (988, '2023-07-08', 2, 60, 50, 2, 1, 1, 1, 1, 'a', 'b', 'c', 'd');
INSERT INTO `statisticsinfo` VALUES (989, '2023-07-08', 2, 60, 50, 2, 1, 1, 1, 3, 'a', 'b', 'c', 'd');
INSERT INTO `statisticsinfo` VALUES (990, '2023-07-08', 2, 60, 50, 2, 1, 1, 1, 3, 'a', 'b', 'c', 'd');
INSERT INTO `statisticsinfo` VALUES (991, '2023-07-08', 2, 60, 50, 2, 1, 1, 1, 1, 'a', 'b', 'c', 'd');
INSERT INTO `statisticsinfo` VALUES (992, '2023-07-07', 1, 60, 50, 2, 1, 1, 1, 1, 'a', 'b', 'c', 'd');
INSERT INTO `statisticsinfo` VALUES (993, '2023-07-07', 1, 60, 50, 2, 1, 1, 1, 2, 'a', 'b', 'c', 'd');
INSERT INTO `statisticsinfo` VALUES (994, '2023-07-08', 2, 60, 50, 2, 1, 1, 1, 1, 'a', 'b', 'c', 'd');
INSERT INTO `statisticsinfo` VALUES (995, '2023-07-07', 1, 60, 50, 2, 1, 1, 1, 2, 'a', 'b', 'c', 'd');
INSERT INTO `statisticsinfo` VALUES (996, '2023-07-08', 2, 60, 50, 2, 1, 1, 1, 1, 'a', 'b', 'c', 'd');
INSERT INTO `statisticsinfo` VALUES (997, '2023-07-07', 1, 60, 50, 2, 1, 1, 1, 1, 'a', 'b', 'c', 'd');
INSERT INTO `statisticsinfo` VALUES (998, '2023-07-08', 2, 60, 50, 2, 1, 1, 1, 1, 'a', 'b', 'c', 'd');
INSERT INTO `statisticsinfo` VALUES (999, '2023-07-07', 1, 60, 50, 2, 1, 1, 1, 3, 'a', 'b', 'c', 'd');
INSERT INTO `statisticsinfo` VALUES (1000, '2023-07-07', 1, 60, 50, 2, 1, 1, 1, 3, 'a', 'b', 'c', 'd');
INSERT INTO `statisticsinfo` VALUES (1001, '2023-07-08', 2, 60, 50, 2, 1, 1, 1, 2, 'a', 'b', 'c', 'd');
INSERT INTO `statisticsinfo` VALUES (1002, '2023-07-07', 1, 60, 50, 2, 1, 1, 1, 3, 'a', 'b', 'c', 'd');
INSERT INTO `statisticsinfo` VALUES (1003, '2023-07-08', 2, 60, 50, 2, 1, 1, 1, 3, 'a', 'b', 'c', 'd');
INSERT INTO `statisticsinfo` VALUES (1004, '2023-07-07', 1, 60, 50, 2, 1, 1, 1, 2, 'a', 'b', 'c', 'd');
INSERT INTO `statisticsinfo` VALUES (1005, '2023-07-08', 2, 60, 50, 2, 1, 1, 1, 3, 'a', 'b', 'c', 'd');
INSERT INTO `statisticsinfo` VALUES (1006, '2023-07-08', 2, 60, 50, 2, 1, 1, 1, 1, 'a', 'b', 'c', 'd');
INSERT INTO `statisticsinfo` VALUES (1007, '2023-07-08', 2, 60, 50, 2, 1, 1, 1, 3, 'a', 'b', 'c', 'd');
INSERT INTO `statisticsinfo` VALUES (1008, '2023-07-08', 2, 60, 50, 2, 1, 1, 1, 1, 'a', 'b', 'c', 'd');
INSERT INTO `statisticsinfo` VALUES (1009, '2023-07-08', 2, 60, 50, 2, 1, 1, 1, 1, 'a', 'b', 'c', 'd');
INSERT INTO `statisticsinfo` VALUES (1010, '2023-07-08', 2, 60, 50, 2, 1, 1, 1, 3, 'a', 'b', 'c', 'd');
INSERT INTO `statisticsinfo` VALUES (1011, '2023-07-08', 2, 60, 50, 2, 1, 1, 1, 3, 'a', 'b', 'c', 'd');
INSERT INTO `statisticsinfo` VALUES (1012, '2023-07-08', 2, 60, 50, 2, 1, 1, 1, 1, 'a', 'b', 'c', 'd');
INSERT INTO `statisticsinfo` VALUES (1013, '2023-07-08', 2, 60, 50, 2, 1, 1, 1, 2, 'a', 'b', 'c', 'd');
INSERT INTO `statisticsinfo` VALUES (1014, '2023-07-07', 1, 60, 50, 2, 1, 1, 1, 3, 'a', 'b', 'c', 'd');
INSERT INTO `statisticsinfo` VALUES (1015, '2023-07-07', 1, 60, 50, 2, 1, 1, 1, 1, 'a', 'b', 'c', 'd');
INSERT INTO `statisticsinfo` VALUES (1016, '2023-07-07', 1, 60, 50, 2, 1, 1, 1, 3, 'a', 'b', 'c', 'd');
INSERT INTO `statisticsinfo` VALUES (1017, '2023-07-08', 2, 60, 50, 2, 1, 1, 1, 3, 'a', 'b', 'c', 'd');
INSERT INTO `statisticsinfo` VALUES (1018, '2023-07-07', 1, 60, 50, 2, 1, 1, 1, 1, 'a', 'b', 'c', 'd');
INSERT INTO `statisticsinfo` VALUES (1019, '2023-07-08', 2, 60, 50, 2, 1, 1, 1, 1, 'a', 'b', 'c', 'd');
INSERT INTO `statisticsinfo` VALUES (1020, '2023-07-08', 2, 60, 50, 2, 1, 1, 1, 3, 'a', 'b', 'c', 'd');
INSERT INTO `statisticsinfo` VALUES (1021, '2023-07-07', 1, 60, 50, 2, 1, 1, 1, 3, 'a', 'b', 'c', 'd');
INSERT INTO `statisticsinfo` VALUES (1022, '2023-07-07', 1, 60, 50, 2, 1, 1, 1, 3, 'a', 'b', 'c', 'd');
INSERT INTO `statisticsinfo` VALUES (1023, '2023-07-08', 2, 60, 50, 2, 1, 1, 1, 2, 'a', 'b', 'c', 'd');
INSERT INTO `statisticsinfo` VALUES (1024, '2023-07-07', 1, 60, 50, 2, 1, 1, 1, 2, 'a', 'b', 'c', 'd');
INSERT INTO `statisticsinfo` VALUES (1025, '2023-07-08', 2, 60, 50, 2, 1, 1, 1, 3, 'a', 'b', 'c', 'd');
INSERT INTO `statisticsinfo` VALUES (1026, '2023-07-08', 2, 60, 50, 2, 1, 1, 1, 2, 'a', 'b', 'c', 'd');
INSERT INTO `statisticsinfo` VALUES (1027, '2023-07-08', 2, 60, 50, 2, 1, 1, 1, 3, 'a', 'b', 'c', 'd');
INSERT INTO `statisticsinfo` VALUES (1028, '2023-07-07', 1, 60, 50, 2, 1, 1, 1, 3, 'a', 'b', 'c', 'd');
INSERT INTO `statisticsinfo` VALUES (1029, '2023-07-08', 2, 60, 50, 2, 1, 1, 1, 3, 'a', 'b', 'c', 'd');
INSERT INTO `statisticsinfo` VALUES (1030, '2023-07-07', 1, 60, 50, 2, 1, 1, 1, 2, 'a', 'b', 'c', 'd');
INSERT INTO `statisticsinfo` VALUES (1031, '2023-07-08', 2, 60, 50, 2, 1, 1, 1, 1, 'a', 'b', 'c', 'd');
INSERT INTO `statisticsinfo` VALUES (1032, '2023-07-08', 2, 60, 50, 2, 1, 1, 1, 2, 'a', 'b', 'c', 'd');
INSERT INTO `statisticsinfo` VALUES (1033, '2023-07-07', 1, 60, 50, 2, 1, 1, 1, 2, 'a', 'b', 'c', 'd');
INSERT INTO `statisticsinfo` VALUES (1034, '2023-07-07', 1, 60, 50, 2, 1, 1, 1, 2, 'a', 'b', 'c', 'd');
INSERT INTO `statisticsinfo` VALUES (1035, '2023-07-07', 1, 60, 50, 2, 1, 1, 1, 3, 'a', 'b', 'c', 'd');
INSERT INTO `statisticsinfo` VALUES (1036, '2023-07-07', 1, 60, 50, 2, 1, 1, 1, 2, 'a', 'b', 'c', 'd');
INSERT INTO `statisticsinfo` VALUES (1037, '2023-07-07', 1, 60, 50, 2, 1, 1, 1, 3, 'a', 'b', 'c', 'd');
INSERT INTO `statisticsinfo` VALUES (1038, '2023-07-08', 2, 60, 50, 2, 1, 1, 1, 2, 'a', 'b', 'c', 'd');
INSERT INTO `statisticsinfo` VALUES (1039, '2023-07-08', 2, 60, 50, 2, 1, 1, 1, 1, 'a', 'b', 'c', 'd');
INSERT INTO `statisticsinfo` VALUES (1040, '2023-07-08', 2, 60, 50, 2, 1, 1, 1, 1, 'a', 'b', 'c', 'd');
INSERT INTO `statisticsinfo` VALUES (1041, '2023-07-08', 2, 60, 50, 2, 1, 1, 1, 1, 'a', 'b', 'c', 'd');
INSERT INTO `statisticsinfo` VALUES (1042, '2023-07-08', 2, 60, 50, 2, 1, 1, 1, 1, 'a', 'b', 'c', 'd');
INSERT INTO `statisticsinfo` VALUES (1043, '2023-07-08', 2, 60, 50, 2, 1, 1, 1, 3, 'a', 'b', 'c', 'd');
INSERT INTO `statisticsinfo` VALUES (1044, '2023-07-08', 2, 60, 50, 2, 1, 1, 1, 1, 'a', 'b', 'c', 'd');
INSERT INTO `statisticsinfo` VALUES (1045, '2023-07-07', 1, 60, 50, 2, 1, 1, 1, 2, 'a', 'b', 'c', 'd');
INSERT INTO `statisticsinfo` VALUES (1046, '2023-07-08', 2, 60, 50, 2, 1, 1, 1, 3, 'a', 'b', 'c', 'd');
INSERT INTO `statisticsinfo` VALUES (1047, '2023-07-08', 2, 60, 50, 2, 1, 1, 1, 1, 'a', 'b', 'c', 'd');
INSERT INTO `statisticsinfo` VALUES (1048, '2023-07-08', 2, 60, 50, 2, 1, 1, 1, 3, 'a', 'b', 'c', 'd');
INSERT INTO `statisticsinfo` VALUES (1049, '2023-07-08', 2, 60, 50, 2, 1, 1, 1, 1, 'a', 'b', 'c', 'd');
INSERT INTO `statisticsinfo` VALUES (1050, '2023-07-08', 2, 60, 50, 2, 1, 1, 1, 3, 'a', 'b', 'c', 'd');
INSERT INTO `statisticsinfo` VALUES (1051, '2023-07-07', 1, 60, 50, 2, 1, 1, 1, 1, 'a', 'b', 'c', 'd');
INSERT INTO `statisticsinfo` VALUES (1052, '2023-07-07', 1, 60, 50, 2, 1, 1, 1, 3, 'a', 'b', 'c', 'd');
INSERT INTO `statisticsinfo` VALUES (1053, '2023-07-07', 1, 60, 50, 2, 1, 1, 1, 1, 'a', 'b', 'c', 'd');
INSERT INTO `statisticsinfo` VALUES (1054, '2023-07-08', 2, 60, 50, 2, 1, 1, 1, 3, 'a', 'b', 'c', 'd');
INSERT INTO `statisticsinfo` VALUES (1055, '2023-07-07', 1, 60, 50, 2, 1, 1, 1, 2, 'a', 'b', 'c', 'd');
INSERT INTO `statisticsinfo` VALUES (1056, '2023-07-08', 2, 60, 50, 2, 1, 1, 1, 2, 'a', 'b', 'c', 'd');
INSERT INTO `statisticsinfo` VALUES (1057, '2023-07-08', 2, 60, 50, 2, 1, 1, 1, 2, 'a', 'b', 'c', 'd');
INSERT INTO `statisticsinfo` VALUES (1058, '2023-07-08', 2, 60, 50, 2, 1, 1, 1, 2, 'a', 'b', 'c', 'd');
INSERT INTO `statisticsinfo` VALUES (1059, '2023-07-08', 2, 60, 50, 2, 1, 1, 1, 3, 'a', 'b', 'c', 'd');
INSERT INTO `statisticsinfo` VALUES (1060, '2023-07-08', 2, 60, 50, 2, 1, 1, 1, 2, 'a', 'b', 'c', 'd');
INSERT INTO `statisticsinfo` VALUES (1061, '2023-07-08', 2, 60, 50, 2, 1, 1, 1, 1, 'a', 'b', 'c', 'd');
INSERT INTO `statisticsinfo` VALUES (1062, '2023-07-07', 1, 60, 50, 2, 1, 1, 1, 2, 'a', 'b', 'c', 'd');
INSERT INTO `statisticsinfo` VALUES (1063, '2023-07-08', 2, 60, 50, 2, 1, 1, 1, 2, 'a', 'b', 'c', 'd');
INSERT INTO `statisticsinfo` VALUES (1064, '2023-07-08', 2, 60, 50, 2, 1, 1, 1, 1, 'a', 'b', 'c', 'd');
INSERT INTO `statisticsinfo` VALUES (1065, '2023-07-07', 1, 60, 50, 2, 1, 1, 1, 2, 'a', 'b', 'c', 'd');
INSERT INTO `statisticsinfo` VALUES (1066, '2023-07-08', 2, 60, 50, 2, 1, 1, 1, 3, 'a', 'b', 'c', 'd');
INSERT INTO `statisticsinfo` VALUES (1067, '2023-07-08', 2, 60, 50, 2, 1, 1, 1, 1, 'a', 'b', 'c', 'd');
INSERT INTO `statisticsinfo` VALUES (1068, '2023-07-08', 2, 60, 50, 2, 1, 1, 1, 1, 'a', 'b', 'c', 'd');
INSERT INTO `statisticsinfo` VALUES (1069, '2023-07-07', 1, 60, 50, 2, 1, 1, 1, 2, 'a', 'b', 'c', 'd');
INSERT INTO `statisticsinfo` VALUES (1070, '2023-07-07', 1, 60, 50, 2, 1, 1, 1, 1, 'a', 'b', 'c', 'd');
INSERT INTO `statisticsinfo` VALUES (1071, '2023-07-07', 1, 60, 50, 2, 1, 1, 1, 3, 'a', 'b', 'c', 'd');
INSERT INTO `statisticsinfo` VALUES (1072, '2023-07-07', 1, 60, 50, 2, 1, 1, 1, 3, 'a', 'b', 'c', 'd');
INSERT INTO `statisticsinfo` VALUES (1073, '2023-07-08', 2, 60, 50, 2, 1, 1, 1, 2, 'a', 'b', 'c', 'd');
INSERT INTO `statisticsinfo` VALUES (1074, '2023-07-08', 2, 60, 50, 2, 1, 1, 1, 3, 'a', 'b', 'c', 'd');
INSERT INTO `statisticsinfo` VALUES (1075, '2023-07-08', 2, 60, 50, 2, 1, 1, 1, 3, 'a', 'b', 'c', 'd');
INSERT INTO `statisticsinfo` VALUES (1076, '2023-07-08', 2, 60, 50, 2, 1, 1, 1, 2, 'a', 'b', 'c', 'd');
INSERT INTO `statisticsinfo` VALUES (1077, '2023-07-07', 1, 60, 50, 2, 1, 1, 1, 2, 'a', 'b', 'c', 'd');
INSERT INTO `statisticsinfo` VALUES (1078, '2023-07-07', 1, 60, 50, 2, 1, 1, 1, 3, 'a', 'b', 'c', 'd');
INSERT INTO `statisticsinfo` VALUES (1079, '2023-07-08', 2, 60, 50, 2, 1, 1, 1, 1, 'a', 'b', 'c', 'd');
INSERT INTO `statisticsinfo` VALUES (1080, '2023-07-07', 1, 60, 50, 2, 1, 1, 1, 2, 'a', 'b', 'c', 'd');
INSERT INTO `statisticsinfo` VALUES (1081, '2023-07-08', 2, 60, 50, 2, 1, 1, 1, 1, 'a', 'b', 'c', 'd');
INSERT INTO `statisticsinfo` VALUES (1082, '2023-07-07', 1, 60, 50, 2, 1, 1, 1, 2, 'a', 'b', 'c', 'd');
INSERT INTO `statisticsinfo` VALUES (1083, '2023-07-08', 2, 60, 50, 2, 1, 1, 1, 1, 'a', 'b', 'c', 'd');
INSERT INTO `statisticsinfo` VALUES (1084, '2023-07-08', 2, 60, 50, 2, 1, 1, 1, 1, 'a', 'b', 'c', 'd');
INSERT INTO `statisticsinfo` VALUES (1085, '2023-07-07', 1, 60, 50, 2, 1, 1, 1, 2, 'a', 'b', 'c', 'd');
INSERT INTO `statisticsinfo` VALUES (1086, '2023-07-08', 2, 60, 50, 2, 1, 1, 1, 2, 'a', 'b', 'c', 'd');
INSERT INTO `statisticsinfo` VALUES (1087, '2023-07-08', 2, 60, 50, 2, 1, 1, 1, 3, 'a', 'b', 'c', 'd');
INSERT INTO `statisticsinfo` VALUES (1088, '2023-07-07', 1, 60, 50, 2, 1, 1, 1, 2, 'a', 'b', 'c', 'd');
INSERT INTO `statisticsinfo` VALUES (1089, '2023-07-08', 2, 60, 50, 2, 1, 1, 1, 3, 'a', 'b', 'c', 'd');
INSERT INTO `statisticsinfo` VALUES (1090, '2023-07-08', 2, 60, 50, 2, 1, 1, 1, 2, 'a', 'b', 'c', 'd');
INSERT INTO `statisticsinfo` VALUES (1091, '2023-07-07', 1, 60, 50, 2, 1, 1, 1, 2, 'a', 'b', 'c', 'd');
INSERT INTO `statisticsinfo` VALUES (1092, '2023-07-07', 1, 60, 50, 2, 1, 1, 1, 3, 'a', 'b', 'c', 'd');
INSERT INTO `statisticsinfo` VALUES (1093, '2023-07-08', 2, 60, 50, 2, 1, 1, 1, 1, 'a', 'b', 'c', 'd');
INSERT INTO `statisticsinfo` VALUES (1094, '2023-07-07', 1, 60, 50, 2, 1, 1, 1, 2, 'a', 'b', 'c', 'd');
INSERT INTO `statisticsinfo` VALUES (1095, '2023-07-08', 2, 60, 50, 2, 1, 1, 1, 3, 'a', 'b', 'c', 'd');
INSERT INTO `statisticsinfo` VALUES (1096, '2023-07-07', 1, 60, 50, 2, 1, 1, 1, 2, 'a', 'b', 'c', 'd');
INSERT INTO `statisticsinfo` VALUES (1097, '2023-07-07', 1, 60, 50, 2, 1, 1, 1, 3, 'a', 'b', 'c', 'd');
INSERT INTO `statisticsinfo` VALUES (1098, '2023-07-07', 1, 60, 50, 2, 1, 1, 1, 2, 'a', 'b', 'c', 'd');
INSERT INTO `statisticsinfo` VALUES (1099, '2023-07-08', 2, 60, 50, 2, 1, 1, 1, 3, 'a', 'b', 'c', 'd');
INSERT INTO `statisticsinfo` VALUES (1100, '2023-07-08', 2, 60, 50, 2, 1, 1, 1, 2, 'a', 'b', 'c', 'd');
INSERT INTO `statisticsinfo` VALUES (1101, '2023-07-08', 2, 60, 50, 2, 1, 1, 1, 2, 'a', 'b', 'c', 'd');
INSERT INTO `statisticsinfo` VALUES (1102, '2023-07-08', 2, 60, 50, 2, 1, 1, 1, 3, 'a', 'b', 'c', 'd');
INSERT INTO `statisticsinfo` VALUES (1103, '2023-07-07', 1, 60, 50, 2, 1, 1, 1, 2, 'a', 'b', 'c', 'd');
INSERT INTO `statisticsinfo` VALUES (1104, '2023-07-07', 1, 60, 50, 2, 1, 1, 1, 3, 'a', 'b', 'c', 'd');
INSERT INTO `statisticsinfo` VALUES (1105, '2023-07-07', 1, 60, 50, 2, 1, 1, 1, 2, 'a', 'b', 'c', 'd');
INSERT INTO `statisticsinfo` VALUES (1106, '2023-07-08', 2, 60, 50, 2, 1, 1, 1, 2, 'a', 'b', 'c', 'd');
INSERT INTO `statisticsinfo` VALUES (1107, '2023-07-07', 1, 60, 50, 2, 1, 1, 1, 1, 'a', 'b', 'c', 'd');
INSERT INTO `statisticsinfo` VALUES (1108, '2023-07-07', 1, 60, 50, 2, 1, 1, 1, 2, 'a', 'b', 'c', 'd');
INSERT INTO `statisticsinfo` VALUES (1109, '2023-07-08', 2, 60, 50, 2, 1, 1, 1, 2, 'a', 'b', 'c', 'd');
INSERT INTO `statisticsinfo` VALUES (1110, '2023-07-07', 1, 60, 50, 2, 1, 1, 1, 2, 'a', 'b', 'c', 'd');
INSERT INTO `statisticsinfo` VALUES (1111, '2023-07-07', 1, 60, 50, 2, 1, 1, 1, 1, 'a', 'b', 'c', 'd');
INSERT INTO `statisticsinfo` VALUES (1112, '2023-07-07', 1, 60, 50, 2, 1, 1, 1, 1, 'a', 'b', 'c', 'd');
INSERT INTO `statisticsinfo` VALUES (1113, '2023-07-08', 2, 60, 50, 2, 1, 1, 1, 1, 'a', 'b', 'c', 'd');
INSERT INTO `statisticsinfo` VALUES (1114, '2023-07-07', 1, 60, 50, 2, 1, 1, 1, 2, 'a', 'b', 'c', 'd');
INSERT INTO `statisticsinfo` VALUES (1115, '2023-07-08', 2, 60, 50, 2, 1, 1, 1, 1, 'a', 'b', 'c', 'd');
INSERT INTO `statisticsinfo` VALUES (1116, '2023-07-07', 1, 60, 50, 2, 1, 1, 1, 3, 'a', 'b', 'c', 'd');
INSERT INTO `statisticsinfo` VALUES (1117, '2023-07-07', 1, 60, 50, 2, 1, 1, 1, 1, 'a', 'b', 'c', 'd');
INSERT INTO `statisticsinfo` VALUES (1118, '2023-07-08', 2, 60, 50, 2, 1, 1, 1, 1, 'a', 'b', 'c', 'd');
INSERT INTO `statisticsinfo` VALUES (1119, '2023-07-07', 1, 60, 50, 2, 1, 1, 1, 2, 'a', 'b', 'c', 'd');
INSERT INTO `statisticsinfo` VALUES (1120, '2023-07-08', 2, 60, 50, 2, 1, 1, 1, 1, 'a', 'b', 'c', 'd');
INSERT INTO `statisticsinfo` VALUES (1121, '2023-07-08', 2, 60, 50, 2, 1, 1, 1, 3, 'a', 'b', 'c', 'd');
INSERT INTO `statisticsinfo` VALUES (1122, '2023-07-07', 1, 60, 50, 2, 1, 1, 1, 2, 'a', 'b', 'c', 'd');
INSERT INTO `statisticsinfo` VALUES (1123, '2023-07-07', 1, 60, 50, 2, 1, 1, 1, 2, 'a', 'b', 'c', 'd');
INSERT INTO `statisticsinfo` VALUES (1124, '2023-07-08', 2, 60, 50, 2, 1, 1, 1, 3, 'a', 'b', 'c', 'd');
INSERT INTO `statisticsinfo` VALUES (1125, '2023-07-07', 1, 60, 50, 2, 1, 1, 1, 3, 'a', 'b', 'c', 'd');
INSERT INTO `statisticsinfo` VALUES (1126, '2023-07-08', 2, 60, 50, 2, 1, 1, 1, 3, 'a', 'b', 'c', 'd');
INSERT INTO `statisticsinfo` VALUES (1127, '2023-07-08', 2, 60, 50, 2, 1, 1, 1, 1, 'a', 'b', 'c', 'd');
INSERT INTO `statisticsinfo` VALUES (1128, '2023-07-07', 1, 60, 50, 2, 1, 1, 1, 3, 'a', 'b', 'c', 'd');
INSERT INTO `statisticsinfo` VALUES (1129, '2023-07-08', 2, 60, 50, 2, 1, 1, 1, 3, 'a', 'b', 'c', 'd');
INSERT INTO `statisticsinfo` VALUES (1130, '2023-07-07', 1, 60, 50, 2, 1, 1, 1, 3, 'a', 'b', 'c', 'd');
INSERT INTO `statisticsinfo` VALUES (1131, '2023-07-07', 1, 60, 50, 2, 1, 1, 1, 3, 'a', 'b', 'c', 'd');
INSERT INTO `statisticsinfo` VALUES (1132, '2023-07-07', 1, 60, 50, 2, 1, 1, 1, 1, 'a', 'b', 'c', 'd');
INSERT INTO `statisticsinfo` VALUES (1133, '2023-07-07', 1, 60, 50, 2, 1, 1, 1, 3, 'a', 'b', 'c', 'd');
INSERT INTO `statisticsinfo` VALUES (1134, '2023-07-07', 1, 60, 50, 2, 1, 1, 1, 3, 'a', 'b', 'c', 'd');
INSERT INTO `statisticsinfo` VALUES (1135, '2023-07-07', 1, 60, 50, 2, 1, 1, 1, 2, 'a', 'b', 'c', 'd');
INSERT INTO `statisticsinfo` VALUES (1136, '2023-07-08', 2, 60, 50, 2, 1, 1, 1, 1, 'a', 'b', 'c', 'd');
INSERT INTO `statisticsinfo` VALUES (1137, '2023-07-07', 1, 60, 50, 2, 1, 1, 1, 3, 'a', 'b', 'c', 'd');
INSERT INTO `statisticsinfo` VALUES (1138, '2023-07-08', 2, 60, 50, 2, 1, 1, 1, 2, 'a', 'b', 'c', 'd');
INSERT INTO `statisticsinfo` VALUES (1139, '2023-07-07', 1, 60, 50, 2, 1, 1, 1, 2, 'a', 'b', 'c', 'd');
INSERT INTO `statisticsinfo` VALUES (1140, '2023-07-07', 1, 60, 50, 2, 1, 1, 1, 2, 'a', 'b', 'c', 'd');
INSERT INTO `statisticsinfo` VALUES (1141, '2023-07-08', 2, 60, 50, 2, 1, 1, 1, 3, 'a', 'b', 'c', 'd');
INSERT INTO `statisticsinfo` VALUES (1142, '2023-07-08', 2, 60, 50, 2, 1, 1, 1, 2, 'a', 'b', 'c', 'd');
INSERT INTO `statisticsinfo` VALUES (1143, '2023-07-07', 1, 60, 50, 2, 1, 1, 1, 1, 'a', 'b', 'c', 'd');
INSERT INTO `statisticsinfo` VALUES (1144, '2023-07-08', 2, 60, 50, 2, 1, 1, 1, 3, 'a', 'b', 'c', 'd');
INSERT INTO `statisticsinfo` VALUES (1145, '2023-07-08', 2, 60, 50, 2, 1, 1, 1, 3, 'a', 'b', 'c', 'd');
INSERT INTO `statisticsinfo` VALUES (1146, '2023-07-07', 1, 60, 50, 2, 1, 1, 1, 3, 'a', 'b', 'c', 'd');
INSERT INTO `statisticsinfo` VALUES (1147, '2023-07-08', 2, 60, 50, 2, 1, 1, 1, 3, 'a', 'b', 'c', 'd');
INSERT INTO `statisticsinfo` VALUES (1148, '2023-07-08', 2, 60, 50, 2, 1, 1, 1, 3, 'a', 'b', 'c', 'd');
INSERT INTO `statisticsinfo` VALUES (1149, '2023-07-07', 1, 60, 50, 2, 1, 1, 1, 1, 'a', 'b', 'c', 'd');
INSERT INTO `statisticsinfo` VALUES (1150, '2023-07-08', 2, 60, 50, 2, 1, 1, 1, 3, 'a', 'b', 'c', 'd');
INSERT INTO `statisticsinfo` VALUES (1151, '2023-07-08', 2, 60, 50, 2, 1, 1, 1, 1, 'a', 'b', 'c', 'd');
INSERT INTO `statisticsinfo` VALUES (1152, '2023-07-08', 2, 60, 50, 2, 1, 1, 1, 1, 'a', 'b', 'c', 'd');
INSERT INTO `statisticsinfo` VALUES (1153, '2023-07-08', 2, 60, 50, 2, 1, 1, 1, 2, 'a', 'b', 'c', 'd');
INSERT INTO `statisticsinfo` VALUES (1154, '2023-07-08', 2, 60, 50, 2, 1, 1, 1, 2, 'a', 'b', 'c', 'd');
INSERT INTO `statisticsinfo` VALUES (1155, '2023-07-07', 1, 60, 50, 2, 1, 1, 1, 2, 'a', 'b', 'c', 'd');
INSERT INTO `statisticsinfo` VALUES (1156, '2023-07-07', 1, 60, 50, 2, 1, 1, 1, 3, 'a', 'b', 'c', 'd');
INSERT INTO `statisticsinfo` VALUES (1157, '2023-07-08', 2, 60, 50, 2, 1, 1, 1, 1, 'a', 'b', 'c', 'd');
INSERT INTO `statisticsinfo` VALUES (1158, '2023-07-08', 2, 60, 50, 2, 1, 1, 1, 1, 'a', 'b', 'c', 'd');
INSERT INTO `statisticsinfo` VALUES (1159, '2023-07-07', 1, 60, 50, 2, 1, 1, 1, 2, 'a', 'b', 'c', 'd');
INSERT INTO `statisticsinfo` VALUES (1160, '2023-07-08', 2, 60, 50, 2, 1, 1, 1, 2, 'a', 'b', 'c', 'd');
INSERT INTO `statisticsinfo` VALUES (1161, '2023-07-08', 2, 60, 50, 2, 1, 1, 1, 3, 'a', 'b', 'c', 'd');
INSERT INTO `statisticsinfo` VALUES (1162, '2023-07-07', 1, 60, 50, 2, 1, 1, 1, 2, 'a', 'b', 'c', 'd');
INSERT INTO `statisticsinfo` VALUES (1163, '2023-07-07', 1, 60, 50, 2, 1, 1, 1, 1, 'a', 'b', 'c', 'd');
INSERT INTO `statisticsinfo` VALUES (1164, '2023-07-08', 2, 60, 50, 2, 1, 1, 1, 1, 'a', 'b', 'c', 'd');
INSERT INTO `statisticsinfo` VALUES (1165, '2023-07-08', 2, 60, 50, 2, 1, 1, 1, 2, 'a', 'b', 'c', 'd');
INSERT INTO `statisticsinfo` VALUES (1166, '2023-07-08', 2, 60, 50, 2, 1, 1, 1, 2, 'a', 'b', 'c', 'd');
INSERT INTO `statisticsinfo` VALUES (1167, '2023-07-07', 1, 60, 50, 2, 1, 1, 1, 3, 'a', 'b', 'c', 'd');
INSERT INTO `statisticsinfo` VALUES (1168, '2023-07-08', 2, 60, 50, 2, 1, 1, 1, 1, 'a', 'b', 'c', 'd');
INSERT INTO `statisticsinfo` VALUES (1169, '2023-07-08', 2, 60, 50, 2, 1, 1, 1, 3, 'a', 'b', 'c', 'd');
INSERT INTO `statisticsinfo` VALUES (1170, '2023-07-07', 1, 60, 50, 2, 1, 1, 1, 3, 'a', 'b', 'c', 'd');
INSERT INTO `statisticsinfo` VALUES (1171, '2023-07-08', 2, 60, 50, 2, 1, 1, 1, 2, 'a', 'b', 'c', 'd');
INSERT INTO `statisticsinfo` VALUES (1172, '2023-07-08', 2, 60, 50, 2, 1, 1, 1, 2, 'a', 'b', 'c', 'd');
INSERT INTO `statisticsinfo` VALUES (1173, '2023-07-07', 1, 60, 50, 2, 1, 1, 1, 3, 'a', 'b', 'c', 'd');
INSERT INTO `statisticsinfo` VALUES (1174, '2023-07-08', 2, 60, 50, 2, 1, 1, 1, 1, 'a', 'b', 'c', 'd');
INSERT INTO `statisticsinfo` VALUES (1175, '2023-07-07', 1, 60, 50, 2, 1, 1, 1, 2, 'a', 'b', 'c', 'd');
INSERT INTO `statisticsinfo` VALUES (1176, '2023-07-08', 2, 60, 50, 2, 1, 1, 1, 3, 'a', 'b', 'c', 'd');
INSERT INTO `statisticsinfo` VALUES (1177, '2023-07-08', 2, 60, 50, 2, 1, 1, 1, 2, 'a', 'b', 'c', 'd');
INSERT INTO `statisticsinfo` VALUES (1178, '2023-07-07', 1, 60, 50, 2, 1, 1, 1, 3, 'a', 'b', 'c', 'd');
INSERT INTO `statisticsinfo` VALUES (1179, '2023-07-07', 1, 60, 50, 2, 1, 1, 1, 2, 'a', 'b', 'c', 'd');
INSERT INTO `statisticsinfo` VALUES (1180, '2023-07-08', 2, 60, 50, 2, 1, 1, 1, 2, 'a', 'b', 'c', 'd');
INSERT INTO `statisticsinfo` VALUES (1181, '2023-07-08', 2, 60, 50, 2, 1, 1, 1, 3, 'a', 'b', 'c', 'd');
INSERT INTO `statisticsinfo` VALUES (1182, '2023-07-07', 1, 60, 50, 2, 1, 1, 1, 1, 'a', 'b', 'c', 'd');
INSERT INTO `statisticsinfo` VALUES (1183, '2023-07-08', 2, 60, 50, 2, 1, 1, 1, 2, 'a', 'b', 'c', 'd');
INSERT INTO `statisticsinfo` VALUES (1184, '2023-07-07', 1, 60, 50, 2, 1, 1, 1, 3, 'a', 'b', 'c', 'd');
INSERT INTO `statisticsinfo` VALUES (1185, '2023-07-08', 2, 60, 50, 2, 1, 1, 1, 1, 'a', 'b', 'c', 'd');
INSERT INTO `statisticsinfo` VALUES (1186, '2023-07-07', 1, 60, 50, 2, 1, 1, 1, 3, 'a', 'b', 'c', 'd');
INSERT INTO `statisticsinfo` VALUES (1187, '2023-07-07', 1, 60, 50, 2, 1, 1, 1, 2, 'a', 'b', 'c', 'd');
INSERT INTO `statisticsinfo` VALUES (1188, '2023-07-08', 2, 60, 50, 2, 1, 1, 1, 3, 'a', 'b', 'c', 'd');
INSERT INTO `statisticsinfo` VALUES (1189, '2023-07-07', 1, 60, 50, 2, 1, 1, 1, 2, 'a', 'b', 'c', 'd');
INSERT INTO `statisticsinfo` VALUES (1190, '2023-07-07', 1, 60, 50, 2, 1, 1, 1, 3, 'a', 'b', 'c', 'd');
INSERT INTO `statisticsinfo` VALUES (1191, '2023-07-08', 2, 60, 50, 2, 1, 1, 1, 2, 'a', 'b', 'c', 'd');
INSERT INTO `statisticsinfo` VALUES (1192, '2023-07-07', 1, 60, 50, 2, 1, 1, 1, 2, 'a', 'b', 'c', 'd');
INSERT INTO `statisticsinfo` VALUES (1193, '2023-07-08', 2, 60, 50, 2, 1, 1, 1, 3, 'a', 'b', 'c', 'd');
INSERT INTO `statisticsinfo` VALUES (1194, '2023-07-07', 1, 60, 50, 2, 1, 1, 1, 1, 'a', 'b', 'c', 'd');
INSERT INTO `statisticsinfo` VALUES (1195, '2023-07-07', 1, 60, 50, 2, 1, 1, 1, 2, 'a', 'b', 'c', 'd');
INSERT INTO `statisticsinfo` VALUES (1196, '2023-07-08', 2, 60, 50, 2, 1, 1, 1, 3, 'a', 'b', 'c', 'd');
INSERT INTO `statisticsinfo` VALUES (1197, '2023-07-08', 2, 60, 50, 2, 1, 1, 1, 1, 'a', 'b', 'c', 'd');
INSERT INTO `statisticsinfo` VALUES (1198, '2023-07-07', 1, 60, 50, 2, 1, 1, 1, 3, 'a', 'b', 'c', 'd');
INSERT INTO `statisticsinfo` VALUES (1199, '2023-07-07', 1, 60, 50, 2, 1, 1, 1, 3, 'a', 'b', 'c', 'd');
INSERT INTO `statisticsinfo` VALUES (1200, '2023-07-07', 1, 60, 50, 2, 1, 1, 1, 3, 'a', 'b', 'c', 'd');
INSERT INTO `statisticsinfo` VALUES (1201, '2023-07-07', 1, 60, 50, 2, 1, 1, 1, 1, 'a', 'b', 'c', 'd');
INSERT INTO `statisticsinfo` VALUES (1202, '2023-07-08', 2, 60, 50, 2, 1, 1, 1, 3, 'a', 'b', 'c', 'd');
INSERT INTO `statisticsinfo` VALUES (1203, '2023-07-08', 2, 60, 50, 2, 1, 1, 1, 2, 'a', 'b', 'c', 'd');
INSERT INTO `statisticsinfo` VALUES (1204, '2023-07-08', 2, 60, 50, 2, 1, 1, 1, 1, 'a', 'b', 'c', 'd');
INSERT INTO `statisticsinfo` VALUES (1205, '2023-07-08', 2, 60, 50, 2, 1, 1, 1, 1, 'a', 'b', 'c', 'd');
INSERT INTO `statisticsinfo` VALUES (1206, '2023-07-08', 2, 60, 50, 2, 1, 1, 1, 3, 'a', 'b', 'c', 'd');
INSERT INTO `statisticsinfo` VALUES (1207, '2023-07-08', 2, 60, 50, 2, 1, 1, 1, 3, 'a', 'b', 'c', 'd');
INSERT INTO `statisticsinfo` VALUES (1208, '2023-07-07', 1, 60, 50, 2, 1, 1, 1, 2, 'a', 'b', 'c', 'd');
INSERT INTO `statisticsinfo` VALUES (1209, '2023-07-08', 2, 60, 50, 2, 1, 1, 1, 1, 'a', 'b', 'c', 'd');
INSERT INTO `statisticsinfo` VALUES (1210, '2023-07-08', 2, 60, 50, 2, 1, 1, 1, 3, 'a', 'b', 'c', 'd');
INSERT INTO `statisticsinfo` VALUES (1211, '2023-07-07', 1, 60, 50, 2, 1, 1, 1, 2, 'a', 'b', 'c', 'd');
INSERT INTO `statisticsinfo` VALUES (1212, '2023-07-07', 1, 60, 50, 2, 1, 1, 1, 3, 'a', 'b', 'c', 'd');
INSERT INTO `statisticsinfo` VALUES (1213, '2023-07-08', 2, 60, 50, 2, 1, 1, 1, 3, 'a', 'b', 'c', 'd');
INSERT INTO `statisticsinfo` VALUES (1214, '2023-07-07', 1, 60, 50, 2, 1, 1, 1, 2, 'a', 'b', 'c', 'd');
INSERT INTO `statisticsinfo` VALUES (1215, '2023-07-08', 2, 60, 50, 2, 1, 1, 1, 3, 'a', 'b', 'c', 'd');
INSERT INTO `statisticsinfo` VALUES (1216, '2023-07-08', 2, 60, 50, 2, 1, 1, 1, 2, 'a', 'b', 'c', 'd');
INSERT INTO `statisticsinfo` VALUES (1217, '2023-07-07', 1, 60, 50, 2, 1, 1, 1, 3, 'a', 'b', 'c', 'd');
INSERT INTO `statisticsinfo` VALUES (1218, '2023-07-08', 2, 60, 50, 2, 1, 1, 1, 2, 'a', 'b', 'c', 'd');
INSERT INTO `statisticsinfo` VALUES (1219, '2023-07-07', 1, 60, 50, 2, 1, 1, 1, 1, 'a', 'b', 'c', 'd');
INSERT INTO `statisticsinfo` VALUES (1220, '2023-07-08', 2, 60, 50, 2, 1, 1, 1, 3, 'a', 'b', 'c', 'd');
INSERT INTO `statisticsinfo` VALUES (1221, '2023-07-08', 2, 60, 50, 2, 1, 1, 1, 3, 'a', 'b', 'c', 'd');
INSERT INTO `statisticsinfo` VALUES (1222, '2023-07-08', 2, 60, 50, 2, 1, 1, 1, 3, 'a', 'b', 'c', 'd');
INSERT INTO `statisticsinfo` VALUES (1223, '2023-07-07', 1, 60, 50, 2, 1, 1, 1, 1, 'a', 'b', 'c', 'd');
INSERT INTO `statisticsinfo` VALUES (1224, '2023-07-07', 1, 60, 50, 2, 1, 1, 1, 1, 'a', 'b', 'c', 'd');
INSERT INTO `statisticsinfo` VALUES (1225, '2023-07-08', 2, 60, 50, 2, 1, 1, 1, 2, 'a', 'b', 'c', 'd');
INSERT INTO `statisticsinfo` VALUES (1226, '2023-07-08', 2, 60, 50, 2, 1, 1, 1, 2, 'a', 'b', 'c', 'd');
INSERT INTO `statisticsinfo` VALUES (1227, '2023-07-07', 1, 60, 50, 2, 1, 1, 1, 3, 'a', 'b', 'c', 'd');
INSERT INTO `statisticsinfo` VALUES (1228, '2023-07-07', 1, 60, 50, 2, 1, 1, 1, 3, 'a', 'b', 'c', 'd');
INSERT INTO `statisticsinfo` VALUES (1229, '2023-07-08', 2, 60, 50, 2, 1, 1, 1, 1, 'a', 'b', 'c', 'd');
INSERT INTO `statisticsinfo` VALUES (1230, '2023-07-08', 2, 60, 50, 2, 1, 1, 1, 2, 'a', 'b', 'c', 'd');
INSERT INTO `statisticsinfo` VALUES (1231, '2023-07-08', 2, 60, 50, 2, 1, 1, 1, 2, 'a', 'b', 'c', 'd');
INSERT INTO `statisticsinfo` VALUES (1232, '2023-07-08', 2, 60, 50, 2, 1, 1, 1, 2, 'a', 'b', 'c', 'd');
INSERT INTO `statisticsinfo` VALUES (1233, '2023-07-08', 2, 60, 50, 2, 1, 1, 1, 3, 'a', 'b', 'c', 'd');
INSERT INTO `statisticsinfo` VALUES (1234, '2023-07-07', 1, 60, 50, 2, 1, 1, 1, 1, 'a', 'b', 'c', 'd');
INSERT INTO `statisticsinfo` VALUES (1235, '2023-07-07', 1, 60, 50, 2, 1, 1, 1, 2, 'a', 'b', 'c', 'd');
INSERT INTO `statisticsinfo` VALUES (1236, '2023-07-07', 1, 60, 50, 2, 1, 1, 1, 1, 'a', 'b', 'c', 'd');
INSERT INTO `statisticsinfo` VALUES (1237, '2023-07-07', 1, 60, 50, 2, 1, 1, 1, 1, 'a', 'b', 'c', 'd');
INSERT INTO `statisticsinfo` VALUES (1238, '2023-07-08', 2, 60, 50, 2, 1, 1, 1, 3, 'a', 'b', 'c', 'd');
INSERT INTO `statisticsinfo` VALUES (1239, '2023-07-08', 2, 60, 50, 2, 1, 1, 1, 2, 'a', 'b', 'c', 'd');
INSERT INTO `statisticsinfo` VALUES (1240, '2023-07-07', 1, 60, 50, 2, 1, 1, 1, 2, 'a', 'b', 'c', 'd');
INSERT INTO `statisticsinfo` VALUES (1241, '2023-07-08', 2, 60, 50, 2, 1, 1, 1, 1, 'a', 'b', 'c', 'd');
INSERT INTO `statisticsinfo` VALUES (1242, '2023-07-07', 1, 60, 50, 2, 1, 1, 1, 3, 'a', 'b', 'c', 'd');
INSERT INTO `statisticsinfo` VALUES (1243, '2023-07-08', 2, 60, 50, 2, 1, 1, 1, 2, 'a', 'b', 'c', 'd');
INSERT INTO `statisticsinfo` VALUES (1244, '2023-07-08', 2, 60, 50, 2, 1, 1, 1, 1, 'a', 'b', 'c', 'd');
INSERT INTO `statisticsinfo` VALUES (1245, '2023-07-08', 2, 60, 50, 2, 1, 1, 1, 2, 'a', 'b', 'c', 'd');
INSERT INTO `statisticsinfo` VALUES (1246, '2023-07-08', 2, 60, 50, 2, 1, 1, 1, 1, 'a', 'b', 'c', 'd');
INSERT INTO `statisticsinfo` VALUES (1247, '2023-07-08', 2, 60, 50, 2, 1, 1, 1, 2, 'a', 'b', 'c', 'd');
INSERT INTO `statisticsinfo` VALUES (1248, '2023-07-08', 2, 60, 50, 2, 1, 1, 1, 2, 'a', 'b', 'c', 'd');
INSERT INTO `statisticsinfo` VALUES (1249, '2023-07-07', 1, 60, 50, 2, 1, 1, 1, 2, 'a', 'b', 'c', 'd');
INSERT INTO `statisticsinfo` VALUES (1250, '2023-07-08', 2, 60, 50, 2, 1, 1, 1, 3, 'a', 'b', 'c', 'd');
INSERT INTO `statisticsinfo` VALUES (1251, '2023-07-08', 2, 60, 50, 2, 1, 1, 1, 1, 'a', 'b', 'c', 'd');
INSERT INTO `statisticsinfo` VALUES (1252, '2023-07-07', 1, 60, 50, 2, 1, 1, 1, 1, 'a', 'b', 'c', 'd');
INSERT INTO `statisticsinfo` VALUES (1253, '2023-07-08', 2, 60, 50, 2, 1, 1, 1, 2, 'a', 'b', 'c', 'd');
INSERT INTO `statisticsinfo` VALUES (1254, '2023-07-08', 2, 60, 50, 2, 1, 1, 1, 1, 'a', 'b', 'c', 'd');
INSERT INTO `statisticsinfo` VALUES (1255, '2023-07-08', 2, 60, 50, 2, 1, 1, 1, 1, 'a', 'b', 'c', 'd');
INSERT INTO `statisticsinfo` VALUES (1256, '2023-07-08', 2, 60, 50, 2, 1, 1, 1, 3, 'a', 'b', 'c', 'd');
INSERT INTO `statisticsinfo` VALUES (1257, '2023-07-07', 1, 60, 50, 2, 1, 1, 1, 1, 'a', 'b', 'c', 'd');
INSERT INTO `statisticsinfo` VALUES (1258, '2023-07-08', 2, 60, 50, 2, 1, 1, 1, 3, 'a', 'b', 'c', 'd');
INSERT INTO `statisticsinfo` VALUES (1259, '2023-07-07', 1, 60, 50, 2, 1, 1, 1, 2, 'a', 'b', 'c', 'd');
INSERT INTO `statisticsinfo` VALUES (1260, '2023-07-07', 1, 60, 50, 2, 1, 1, 1, 3, 'a', 'b', 'c', 'd');
INSERT INTO `statisticsinfo` VALUES (1261, '2023-07-08', 2, 60, 50, 2, 1, 1, 1, 2, 'a', 'b', 'c', 'd');
INSERT INTO `statisticsinfo` VALUES (1262, '2023-07-07', 1, 60, 50, 2, 1, 1, 1, 1, 'a', 'b', 'c', 'd');
INSERT INTO `statisticsinfo` VALUES (1263, '2023-07-07', 1, 60, 50, 2, 1, 1, 1, 1, 'a', 'b', 'c', 'd');
INSERT INTO `statisticsinfo` VALUES (1264, '2023-07-07', 1, 60, 50, 2, 1, 1, 1, 3, 'a', 'b', 'c', 'd');
INSERT INTO `statisticsinfo` VALUES (1265, '2023-07-07', 1, 60, 50, 2, 1, 1, 1, 2, 'a', 'b', 'c', 'd');
INSERT INTO `statisticsinfo` VALUES (1266, '2023-07-07', 1, 60, 50, 2, 1, 1, 1, 3, 'a', 'b', 'c', 'd');
INSERT INTO `statisticsinfo` VALUES (1267, '2023-07-07', 1, 60, 50, 2, 1, 1, 1, 3, 'a', 'b', 'c', 'd');
INSERT INTO `statisticsinfo` VALUES (1268, '2023-07-08', 2, 60, 50, 2, 1, 1, 1, 3, 'a', 'b', 'c', 'd');
INSERT INTO `statisticsinfo` VALUES (1269, '2023-07-08', 2, 60, 50, 2, 1, 1, 1, 3, 'a', 'b', 'c', 'd');
INSERT INTO `statisticsinfo` VALUES (1270, '2023-07-08', 2, 60, 50, 2, 1, 1, 1, 2, 'a', 'b', 'c', 'd');
INSERT INTO `statisticsinfo` VALUES (1271, '2023-07-07', 1, 60, 50, 2, 1, 1, 1, 2, 'a', 'b', 'c', 'd');
INSERT INTO `statisticsinfo` VALUES (1272, '2023-07-07', 1, 60, 50, 2, 1, 1, 1, 3, 'a', 'b', 'c', 'd');
INSERT INTO `statisticsinfo` VALUES (1273, '2023-07-07', 1, 60, 50, 2, 1, 1, 1, 1, 'a', 'b', 'c', 'd');
INSERT INTO `statisticsinfo` VALUES (1274, '2023-07-08', 2, 60, 50, 2, 1, 1, 1, 1, 'a', 'b', 'c', 'd');
INSERT INTO `statisticsinfo` VALUES (1275, '2023-07-07', 1, 60, 50, 2, 1, 1, 1, 1, 'a', 'b', 'c', 'd');
INSERT INTO `statisticsinfo` VALUES (1276, '2023-07-08', 2, 60, 50, 2, 1, 1, 1, 2, 'a', 'b', 'c', 'd');
INSERT INTO `statisticsinfo` VALUES (1277, '2023-07-08', 2, 60, 50, 2, 1, 1, 1, 3, 'a', 'b', 'c', 'd');
INSERT INTO `statisticsinfo` VALUES (1278, '2023-07-07', 1, 60, 50, 2, 1, 1, 1, 3, 'a', 'b', 'c', 'd');
INSERT INTO `statisticsinfo` VALUES (1279, '2023-07-07', 1, 60, 50, 2, 1, 1, 1, 3, 'a', 'b', 'c', 'd');
INSERT INTO `statisticsinfo` VALUES (1280, '2023-07-08', 2, 60, 50, 2, 1, 1, 1, 3, 'a', 'b', 'c', 'd');
INSERT INTO `statisticsinfo` VALUES (1281, '2023-07-07', 1, 60, 50, 2, 1, 1, 1, 3, 'a', 'b', 'c', 'd');
INSERT INTO `statisticsinfo` VALUES (1282, '2023-07-08', 2, 60, 50, 2, 1, 1, 1, 1, 'a', 'b', 'c', 'd');
INSERT INTO `statisticsinfo` VALUES (1283, '2023-07-08', 2, 60, 50, 2, 1, 1, 1, 2, 'a', 'b', 'c', 'd');
INSERT INTO `statisticsinfo` VALUES (1284, '2023-07-08', 2, 60, 50, 2, 1, 1, 1, 2, 'a', 'b', 'c', 'd');
INSERT INTO `statisticsinfo` VALUES (1285, '2023-07-07', 1, 60, 50, 2, 1, 1, 1, 2, 'a', 'b', 'c', 'd');
INSERT INTO `statisticsinfo` VALUES (1286, '2023-07-08', 2, 60, 50, 2, 1, 1, 1, 1, 'a', 'b', 'c', 'd');
INSERT INTO `statisticsinfo` VALUES (1287, '2023-07-08', 2, 60, 50, 2, 1, 1, 1, 3, 'a', 'b', 'c', 'd');
INSERT INTO `statisticsinfo` VALUES (1288, '2023-07-07', 1, 60, 50, 2, 1, 1, 1, 2, 'a', 'b', 'c', 'd');
INSERT INTO `statisticsinfo` VALUES (1289, '2023-07-08', 2, 60, 50, 2, 1, 1, 1, 1, 'a', 'b', 'c', 'd');
INSERT INTO `statisticsinfo` VALUES (1290, '2023-07-07', 1, 60, 50, 2, 1, 1, 1, 1, 'a', 'b', 'c', 'd');
INSERT INTO `statisticsinfo` VALUES (1291, '2023-07-08', 2, 60, 50, 2, 1, 1, 1, 1, 'a', 'b', 'c', 'd');
INSERT INTO `statisticsinfo` VALUES (1292, '2023-07-08', 2, 60, 50, 2, 1, 1, 1, 2, 'a', 'b', 'c', 'd');
INSERT INTO `statisticsinfo` VALUES (1293, '2023-07-07', 1, 60, 50, 2, 1, 1, 1, 3, 'a', 'b', 'c', 'd');
INSERT INTO `statisticsinfo` VALUES (1294, '2023-07-07', 1, 60, 50, 2, 1, 1, 1, 3, 'a', 'b', 'c', 'd');
INSERT INTO `statisticsinfo` VALUES (1295, '2023-07-07', 1, 60, 50, 2, 1, 1, 1, 2, 'a', 'b', 'c', 'd');
INSERT INTO `statisticsinfo` VALUES (1296, '2023-07-07', 1, 60, 50, 2, 1, 1, 1, 2, 'a', 'b', 'c', 'd');
INSERT INTO `statisticsinfo` VALUES (1297, '2023-07-07', 1, 60, 50, 2, 1, 1, 1, 2, 'a', 'b', 'c', 'd');
INSERT INTO `statisticsinfo` VALUES (1298, '2023-07-07', 1, 60, 50, 2, 1, 1, 1, 3, 'a', 'b', 'c', 'd');
INSERT INTO `statisticsinfo` VALUES (1299, '2023-07-08', 2, 60, 50, 2, 1, 1, 1, 2, 'a', 'b', 'c', 'd');
INSERT INTO `statisticsinfo` VALUES (1300, '2023-07-08', 2, 60, 50, 2, 1, 1, 1, 3, 'a', 'b', 'c', 'd');
INSERT INTO `statisticsinfo` VALUES (1301, '2023-07-07', 1, 60, 50, 2, 1, 1, 1, 3, 'a', 'b', 'c', 'd');
INSERT INTO `statisticsinfo` VALUES (1302, '2023-07-08', 2, 60, 50, 2, 1, 1, 1, 1, 'a', 'b', 'c', 'd');
INSERT INTO `statisticsinfo` VALUES (1303, '2023-07-08', 2, 60, 50, 2, 1, 1, 1, 1, 'a', 'b', 'c', 'd');
INSERT INTO `statisticsinfo` VALUES (1304, '2023-07-07', 1, 60, 50, 2, 1, 1, 1, 2, 'a', 'b', 'c', 'd');
INSERT INTO `statisticsinfo` VALUES (1305, '2023-07-08', 2, 60, 50, 2, 1, 1, 1, 3, 'a', 'b', 'c', 'd');
INSERT INTO `statisticsinfo` VALUES (1306, '2023-07-08', 2, 60, 50, 2, 1, 1, 1, 2, 'a', 'b', 'c', 'd');
INSERT INTO `statisticsinfo` VALUES (1307, '2023-07-08', 2, 60, 50, 2, 1, 1, 1, 2, 'a', 'b', 'c', 'd');
INSERT INTO `statisticsinfo` VALUES (1308, '2023-07-07', 1, 60, 50, 2, 1, 1, 1, 2, 'a', 'b', 'c', 'd');
INSERT INTO `statisticsinfo` VALUES (1309, '2023-07-08', 2, 60, 50, 2, 1, 1, 1, 3, 'a', 'b', 'c', 'd');
INSERT INTO `statisticsinfo` VALUES (1310, '2023-07-07', 1, 60, 50, 2, 1, 1, 1, 3, 'a', 'b', 'c', 'd');
INSERT INTO `statisticsinfo` VALUES (1311, '2023-07-08', 2, 60, 50, 2, 1, 1, 1, 3, 'a', 'b', 'c', 'd');
INSERT INTO `statisticsinfo` VALUES (1312, '2023-07-08', 2, 60, 50, 2, 1, 1, 1, 3, 'a', 'b', 'c', 'd');
INSERT INTO `statisticsinfo` VALUES (1313, '2023-07-08', 2, 60, 50, 2, 1, 1, 1, 2, 'a', 'b', 'c', 'd');
INSERT INTO `statisticsinfo` VALUES (1314, '2023-07-08', 2, 60, 50, 2, 1, 1, 1, 1, 'a', 'b', 'c', 'd');
INSERT INTO `statisticsinfo` VALUES (1315, '2023-07-07', 1, 60, 50, 2, 1, 1, 1, 3, 'a', 'b', 'c', 'd');
INSERT INTO `statisticsinfo` VALUES (1316, '2023-07-08', 2, 60, 50, 2, 1, 1, 1, 1, 'a', 'b', 'c', 'd');
INSERT INTO `statisticsinfo` VALUES (1317, '2023-07-07', 1, 60, 50, 2, 1, 1, 1, 3, 'a', 'b', 'c', 'd');
INSERT INTO `statisticsinfo` VALUES (1318, '2023-07-07', 1, 60, 50, 2, 1, 1, 1, 1, 'a', 'b', 'c', 'd');
INSERT INTO `statisticsinfo` VALUES (1319, '2023-07-07', 1, 60, 50, 2, 1, 1, 1, 3, 'a', 'b', 'c', 'd');
INSERT INTO `statisticsinfo` VALUES (1320, '2023-07-07', 1, 60, 50, 2, 1, 1, 1, 1, 'a', 'b', 'c', 'd');
INSERT INTO `statisticsinfo` VALUES (1321, '2023-07-08', 2, 60, 50, 2, 1, 1, 1, 2, 'a', 'b', 'c', 'd');
INSERT INTO `statisticsinfo` VALUES (1322, '2023-07-07', 1, 60, 50, 2, 1, 1, 1, 2, 'a', 'b', 'c', 'd');
INSERT INTO `statisticsinfo` VALUES (1323, '2023-07-08', 2, 60, 50, 2, 1, 1, 1, 1, 'a', 'b', 'c', 'd');
INSERT INTO `statisticsinfo` VALUES (1324, '2023-07-07', 1, 60, 50, 2, 1, 1, 1, 3, 'a', 'b', 'c', 'd');
INSERT INTO `statisticsinfo` VALUES (1325, '2023-07-07', 1, 60, 50, 2, 1, 1, 1, 2, 'a', 'b', 'c', 'd');
INSERT INTO `statisticsinfo` VALUES (1326, '2023-07-08', 2, 60, 50, 2, 1, 1, 1, 2, 'a', 'b', 'c', 'd');
INSERT INTO `statisticsinfo` VALUES (1327, '2023-07-08', 2, 60, 50, 2, 1, 1, 1, 1, 'a', 'b', 'c', 'd');
INSERT INTO `statisticsinfo` VALUES (1328, '2023-07-07', 1, 60, 50, 2, 1, 1, 1, 3, 'a', 'b', 'c', 'd');
INSERT INTO `statisticsinfo` VALUES (1329, '2023-07-08', 2, 60, 50, 2, 1, 1, 1, 1, 'a', 'b', 'c', 'd');
INSERT INTO `statisticsinfo` VALUES (1330, '2023-07-08', 2, 60, 50, 2, 1, 1, 1, 3, 'a', 'b', 'c', 'd');
INSERT INTO `statisticsinfo` VALUES (1331, '2023-07-07', 1, 60, 50, 2, 1, 1, 1, 2, 'a', 'b', 'c', 'd');
INSERT INTO `statisticsinfo` VALUES (1332, '2023-07-08', 2, 60, 50, 2, 1, 1, 1, 1, 'a', 'b', 'c', 'd');
INSERT INTO `statisticsinfo` VALUES (1333, '2023-07-07', 1, 60, 50, 2, 1, 1, 1, 3, 'a', 'b', 'c', 'd');
INSERT INTO `statisticsinfo` VALUES (1334, '2023-07-07', 1, 60, 50, 2, 1, 1, 1, 3, 'a', 'b', 'c', 'd');
INSERT INTO `statisticsinfo` VALUES (1335, '2023-07-08', 2, 60, 50, 2, 1, 1, 1, 3, 'a', 'b', 'c', 'd');
INSERT INTO `statisticsinfo` VALUES (1336, '2023-07-07', 1, 60, 50, 2, 1, 1, 1, 2, 'a', 'b', 'c', 'd');
INSERT INTO `statisticsinfo` VALUES (1337, '2023-07-08', 2, 60, 50, 2, 1, 1, 1, 2, 'a', 'b', 'c', 'd');
INSERT INTO `statisticsinfo` VALUES (1338, '2023-07-07', 1, 60, 50, 2, 1, 1, 1, 1, 'a', 'b', 'c', 'd');
INSERT INTO `statisticsinfo` VALUES (1339, '2023-07-07', 1, 60, 50, 2, 1, 1, 1, 3, 'a', 'b', 'c', 'd');
INSERT INTO `statisticsinfo` VALUES (1340, '2023-07-07', 1, 60, 50, 2, 1, 1, 1, 2, 'a', 'b', 'c', 'd');
INSERT INTO `statisticsinfo` VALUES (1341, '2023-07-08', 2, 60, 50, 2, 1, 1, 1, 1, 'a', 'b', 'c', 'd');
INSERT INTO `statisticsinfo` VALUES (1342, '2023-07-08', 2, 60, 50, 2, 1, 1, 1, 3, 'a', 'b', 'c', 'd');
INSERT INTO `statisticsinfo` VALUES (1343, '2023-07-07', 1, 60, 50, 2, 1, 1, 1, 3, 'a', 'b', 'c', 'd');
INSERT INTO `statisticsinfo` VALUES (1344, '2023-07-07', 1, 60, 50, 2, 1, 1, 1, 1, 'a', 'b', 'c', 'd');
INSERT INTO `statisticsinfo` VALUES (1345, '2023-07-07', 1, 60, 50, 2, 1, 1, 1, 1, 'a', 'b', 'c', 'd');
INSERT INTO `statisticsinfo` VALUES (1346, '2023-07-08', 2, 60, 50, 2, 1, 1, 1, 3, 'a', 'b', 'c', 'd');
INSERT INTO `statisticsinfo` VALUES (1347, '2023-07-08', 2, 60, 50, 2, 1, 1, 1, 1, 'a', 'b', 'c', 'd');
INSERT INTO `statisticsinfo` VALUES (1348, '2023-07-07', 1, 60, 50, 2, 1, 1, 1, 3, 'a', 'b', 'c', 'd');
INSERT INTO `statisticsinfo` VALUES (1349, '2023-07-07', 1, 60, 50, 2, 1, 1, 1, 2, 'a', 'b', 'c', 'd');
INSERT INTO `statisticsinfo` VALUES (1350, '2023-07-08', 2, 60, 50, 2, 1, 1, 1, 1, 'a', 'b', 'c', 'd');
INSERT INTO `statisticsinfo` VALUES (1351, '2023-07-07', 1, 60, 50, 2, 1, 1, 1, 2, 'a', 'b', 'c', 'd');
INSERT INTO `statisticsinfo` VALUES (1352, '2023-07-08', 2, 60, 50, 2, 1, 1, 1, 1, 'a', 'b', 'c', 'd');
INSERT INTO `statisticsinfo` VALUES (1353, '2023-07-08', 2, 60, 50, 2, 1, 1, 1, 3, 'a', 'b', 'c', 'd');
INSERT INTO `statisticsinfo` VALUES (1354, '2023-07-08', 2, 60, 50, 2, 1, 1, 1, 2, 'a', 'b', 'c', 'd');
INSERT INTO `statisticsinfo` VALUES (1355, '2023-07-08', 2, 60, 50, 2, 1, 1, 1, 2, 'a', 'b', 'c', 'd');
INSERT INTO `statisticsinfo` VALUES (1356, '2023-07-07', 1, 60, 50, 2, 1, 1, 1, 3, 'a', 'b', 'c', 'd');
INSERT INTO `statisticsinfo` VALUES (1357, '2023-07-08', 2, 60, 50, 2, 1, 1, 1, 2, 'a', 'b', 'c', 'd');
INSERT INTO `statisticsinfo` VALUES (1358, '2023-07-08', 2, 60, 50, 2, 1, 1, 1, 2, 'a', 'b', 'c', 'd');
INSERT INTO `statisticsinfo` VALUES (1359, '2023-07-07', 1, 60, 50, 2, 1, 1, 1, 2, 'a', 'b', 'c', 'd');
INSERT INTO `statisticsinfo` VALUES (1360, '2023-07-08', 2, 60, 50, 2, 1, 1, 1, 1, 'a', 'b', 'c', 'd');
INSERT INTO `statisticsinfo` VALUES (1361, '2023-07-08', 2, 60, 50, 2, 1, 1, 1, 3, 'a', 'b', 'c', 'd');
INSERT INTO `statisticsinfo` VALUES (1362, '2023-07-08', 2, 60, 50, 2, 1, 1, 1, 2, 'a', 'b', 'c', 'd');
INSERT INTO `statisticsinfo` VALUES (1363, '2023-07-07', 1, 60, 50, 2, 1, 1, 1, 3, 'a', 'b', 'c', 'd');
INSERT INTO `statisticsinfo` VALUES (1364, '2023-07-08', 2, 60, 50, 2, 1, 1, 1, 2, 'a', 'b', 'c', 'd');
INSERT INTO `statisticsinfo` VALUES (1365, '2023-07-07', 1, 60, 50, 2, 1, 1, 1, 3, 'a', 'b', 'c', 'd');
INSERT INTO `statisticsinfo` VALUES (1366, '2023-07-08', 2, 60, 50, 2, 1, 1, 1, 1, 'a', 'b', 'c', 'd');
INSERT INTO `statisticsinfo` VALUES (1367, '2023-07-07', 1, 60, 50, 2, 1, 1, 1, 1, 'a', 'b', 'c', 'd');
INSERT INTO `statisticsinfo` VALUES (1368, '2023-07-08', 2, 60, 50, 2, 1, 1, 1, 1, 'a', 'b', 'c', 'd');
INSERT INTO `statisticsinfo` VALUES (1369, '2023-07-07', 1, 60, 50, 2, 1, 1, 1, 3, 'a', 'b', 'c', 'd');
INSERT INTO `statisticsinfo` VALUES (1370, '2023-07-07', 1, 60, 50, 2, 1, 1, 1, 1, 'a', 'b', 'c', 'd');
INSERT INTO `statisticsinfo` VALUES (1371, '2023-07-07', 1, 60, 50, 2, 1, 1, 1, 2, 'a', 'b', 'c', 'd');
INSERT INTO `statisticsinfo` VALUES (1372, '2023-07-07', 1, 60, 50, 2, 1, 1, 1, 3, 'a', 'b', 'c', 'd');
INSERT INTO `statisticsinfo` VALUES (1373, '2023-07-07', 1, 60, 50, 2, 1, 1, 1, 3, 'a', 'b', 'c', 'd');
INSERT INTO `statisticsinfo` VALUES (1374, '2023-07-08', 2, 60, 50, 2, 1, 1, 1, 2, 'a', 'b', 'c', 'd');
INSERT INTO `statisticsinfo` VALUES (1375, '2023-07-07', 1, 60, 50, 2, 1, 1, 1, 2, 'a', 'b', 'c', 'd');
INSERT INTO `statisticsinfo` VALUES (1376, '2023-07-08', 2, 60, 50, 2, 1, 1, 1, 3, 'a', 'b', 'c', 'd');
INSERT INTO `statisticsinfo` VALUES (1377, '2023-07-07', 1, 60, 50, 2, 1, 1, 1, 2, 'a', 'b', 'c', 'd');
INSERT INTO `statisticsinfo` VALUES (1378, '2023-07-08', 2, 60, 50, 2, 1, 1, 1, 2, 'a', 'b', 'c', 'd');
INSERT INTO `statisticsinfo` VALUES (1379, '2023-07-07', 1, 60, 50, 2, 1, 1, 1, 3, 'a', 'b', 'c', 'd');
INSERT INTO `statisticsinfo` VALUES (1380, '2023-07-08', 2, 60, 50, 2, 1, 1, 1, 2, 'a', 'b', 'c', 'd');
INSERT INTO `statisticsinfo` VALUES (1381, '2023-07-07', 1, 60, 50, 2, 1, 1, 1, 2, 'a', 'b', 'c', 'd');
INSERT INTO `statisticsinfo` VALUES (1382, '2023-07-08', 2, 60, 50, 2, 1, 1, 1, 1, 'a', 'b', 'c', 'd');
INSERT INTO `statisticsinfo` VALUES (1383, '2023-07-07', 1, 60, 50, 2, 1, 1, 1, 2, 'a', 'b', 'c', 'd');
INSERT INTO `statisticsinfo` VALUES (1384, '2023-07-08', 2, 60, 50, 2, 1, 1, 1, 3, 'a', 'b', 'c', 'd');
INSERT INTO `statisticsinfo` VALUES (1385, '2023-07-08', 2, 60, 50, 2, 1, 1, 1, 3, 'a', 'b', 'c', 'd');
INSERT INTO `statisticsinfo` VALUES (1386, '2023-07-07', 1, 60, 50, 2, 1, 1, 1, 2, 'a', 'b', 'c', 'd');
INSERT INTO `statisticsinfo` VALUES (1387, '2023-07-07', 1, 60, 50, 2, 1, 1, 1, 1, 'a', 'b', 'c', 'd');
INSERT INTO `statisticsinfo` VALUES (1388, '2023-07-08', 2, 60, 50, 2, 1, 1, 1, 3, 'a', 'b', 'c', 'd');
INSERT INTO `statisticsinfo` VALUES (1389, '2023-07-08', 2, 60, 50, 2, 1, 1, 1, 2, 'a', 'b', 'c', 'd');
INSERT INTO `statisticsinfo` VALUES (1390, '2023-07-07', 1, 60, 50, 2, 1, 1, 1, 2, 'a', 'b', 'c', 'd');
INSERT INTO `statisticsinfo` VALUES (1391, '2023-07-08', 2, 60, 50, 2, 1, 1, 1, 2, 'a', 'b', 'c', 'd');
INSERT INTO `statisticsinfo` VALUES (1392, '2023-07-07', 1, 60, 50, 2, 1, 1, 1, 2, 'a', 'b', 'c', 'd');
INSERT INTO `statisticsinfo` VALUES (1393, '2023-07-07', 1, 60, 50, 2, 1, 1, 1, 3, 'a', 'b', 'c', 'd');
INSERT INTO `statisticsinfo` VALUES (1394, '2023-07-07', 1, 60, 50, 2, 1, 1, 1, 3, 'a', 'b', 'c', 'd');
INSERT INTO `statisticsinfo` VALUES (1395, '2023-07-07', 1, 60, 50, 2, 1, 1, 1, 3, 'a', 'b', 'c', 'd');
INSERT INTO `statisticsinfo` VALUES (1396, '2023-07-08', 2, 60, 50, 2, 1, 1, 1, 2, 'a', 'b', 'c', 'd');
INSERT INTO `statisticsinfo` VALUES (1397, '2023-07-08', 2, 60, 50, 2, 1, 1, 1, 3, 'a', 'b', 'c', 'd');
INSERT INTO `statisticsinfo` VALUES (1398, '2023-07-07', 1, 60, 50, 2, 1, 1, 1, 2, 'a', 'b', 'c', 'd');
INSERT INTO `statisticsinfo` VALUES (1399, '2023-07-08', 2, 60, 50, 2, 1, 1, 1, 2, 'a', 'b', 'c', 'd');
INSERT INTO `statisticsinfo` VALUES (1400, '2023-07-07', 1, 60, 50, 2, 1, 1, 1, 2, 'a', 'b', 'c', 'd');
INSERT INTO `statisticsinfo` VALUES (1401, '2023-07-07', 1, 60, 50, 2, 1, 1, 1, 2, 'a', 'b', 'c', 'd');
INSERT INTO `statisticsinfo` VALUES (1402, '2023-07-07', 1, 60, 50, 2, 1, 1, 1, 1, 'a', 'b', 'c', 'd');
INSERT INTO `statisticsinfo` VALUES (1403, '2023-07-08', 2, 60, 50, 2, 1, 1, 1, 1, 'a', 'b', 'c', 'd');
INSERT INTO `statisticsinfo` VALUES (1404, '2023-07-08', 2, 60, 50, 2, 1, 1, 1, 1, 'a', 'b', 'c', 'd');
INSERT INTO `statisticsinfo` VALUES (1405, '2023-07-07', 1, 60, 50, 2, 1, 1, 1, 3, 'a', 'b', 'c', 'd');
INSERT INTO `statisticsinfo` VALUES (1406, '2023-07-07', 1, 60, 50, 2, 1, 1, 1, 3, 'a', 'b', 'c', 'd');
INSERT INTO `statisticsinfo` VALUES (1407, '2023-07-07', 1, 60, 50, 2, 1, 1, 1, 3, 'a', 'b', 'c', 'd');
INSERT INTO `statisticsinfo` VALUES (1408, '2023-07-07', 1, 60, 50, 2, 1, 1, 1, 2, 'a', 'b', 'c', 'd');
INSERT INTO `statisticsinfo` VALUES (1409, '2023-07-07', 1, 60, 50, 2, 1, 1, 1, 2, 'a', 'b', 'c', 'd');

-- ----------------------------
-- Table structure for userinfo
-- ----------------------------
DROP TABLE IF EXISTS `userinfo`;
CREATE TABLE `userinfo`  (
  `phone` bigint(0) NOT NULL AUTO_INCREMENT COMMENT '手机号',
  `realName` varchar(50) CHARACTER SET utf8mb4 COLLATE utf8mb4_0900_ai_ci NOT NULL COMMENT '姓名',
  `userNumber` varchar(20) CHARACTER SET utf8mb4 COLLATE utf8mb4_0900_ai_ci NOT NULL COMMENT '用户学号',
  `role` int(0) NOT NULL COMMENT '用户权限',
  `userName` varchar(20) CHARACTER SET utf8mb4 COLLATE utf8mb4_0900_ai_ci DEFAULT NULL COMMENT '用户名',
  `password` varchar(50) CHARACTER SET utf8mb4 COLLATE utf8mb4_0900_ai_ci DEFAULT NULL,
  `state` int(0) DEFAULT NULL COMMENT '状态',
  `createTime` timestamp(0) NOT NULL DEFAULT CURRENT_TIMESTAMP COMMENT '创建时间',
  PRIMARY KEY (`phone`) USING BTREE
) ENGINE = InnoDB AUTO_INCREMENT = 18362029385 CHARACTER SET = utf8mb4 COLLATE = utf8mb4_0900_ai_ci ROW_FORMAT = Dynamic;

-- ----------------------------
-- Records of userinfo
-- ----------------------------
INSERT INTO `userinfo` VALUES (0, '0', '0', 0, '0', '0', 0, '2023-07-14 11:16:39');
INSERT INTO `userinfo` VALUES (13515109962, '王凡', '2110810418', 1, 'holdmi', '123456', 0, '2023-07-07 14:42:50');
INSERT INTO `userinfo` VALUES (13820182527, '刘志杰', '2110810414', 1, 'luodiddeng', '123456', 0, '2023-07-07 15:08:02');
INSERT INTO `userinfo` VALUES (13913852957, '孙宁', '2110810317', 2, '小宁', '123456', 0, '2023-07-07 10:33:45');
INSERT INTO `userinfo` VALUES (13951662735, '管东芝', '', 2, '', '', 0, '2023-07-07 10:37:35');
INSERT INTO `userinfo` VALUES (13951662736, '管东芝2', '', 1, '', '', 0, '2023-07-07 11:24:41');
INSERT INTO `userinfo` VALUES (15085073646, '秦磊', '2110810415', 2, 'laoqin', '123456', 0, '2023-07-07 15:09:56');
INSERT INTO `userinfo` VALUES (15736332949, '李广鑫', '2110810409', 1, 'Lee.', '123456', 0, '2023-07-07 10:19:55');
INSERT INTO `userinfo` VALUES (15951580838, '王苏燕', '2110810319', 2, 'Royan', '123456', 0, '2023-07-07 10:35:08');
INSERT INTO `userinfo` VALUES (17352402007, '刘浩胜', '2110810412', 2, 'shensheng', '123456', 0, '2023-07-07 10:31:34');
INSERT INTO `userinfo` VALUES (18018076591, '李天容', '2110810410', 2, 'tianke', '123456', 0, '2023-07-07 15:07:16');
INSERT INTO `userinfo` VALUES (18149778110, '刘鑫诚', '2110810314', 2, '刘金金金诚', '123456', 0, '2023-07-07 10:36:30');
INSERT INTO `userinfo` VALUES (18179480749, '杨金宏', '2110810323 ', 2, 'younger', '123456', 0, '2023-07-07 10:37:17');
INSERT INTO `userinfo` VALUES (18187757837, '胡朱林金', '2110810308', 2, '希希希希洛', '123456', 0, '2023-07-07 10:19:38');
INSERT INTO `userinfo` VALUES (18362029383, '孙奕然', '2110810417', 2, 'Sakura', '123456', 0, '2023-07-07 10:32:22');

SET FOREIGN_KEY_CHECKS = 1;
